file_name,name,product_id,product_url,image_url,full_price,discount_price
./jimmy_choo/womens-sale.html,"Cece Mid II 60
    
    RATTAN MIX",CECEMIDII60CEW102142,/en/women/shoes/cece-mid-ii-60/rattan-suede-boots-CECEMIDII60CEW102142.html,"https://media.jimmychoo.com/image/upload/c_fit,dpr_2.0,f_auto,h_300,q_auto:best,w_300/USPROD_PRODUCT/images/original/CECEMIDII60CEW_102142_SIDE_vg388.jpg","$2,050
        
    
    
    Regular Price",
./jimmy_choo/womens-sale.html,"Avenue 50
    
    LATTE",AVENUE50NAP080258,/en/women/shoes/avenue-50/latte-nappa-leather-mules--AVENUE50NAP080258.html,"https://media.jimmychoo.com/image/upload/c_fit,dpr_2.0,f_auto,h_300,q_auto:best,w_300/USPROD_PRODUCT/images/original/AVENUE50NAP_080258_SIDE_vg333.jpg","$795
        
    
    
    Regular Price",
./jimmy_choo/womens-sale.html,"Aurelie 65
    
    LATTE/WHITE",AURELIE65XKM081087,/en/women/shoes/aurelie-65/latte-patent-leather-pointed-pumps-with-pearl-embellishment--AURELIE65XKM081087.html,"https://media.jimmychoo.com/image/upload/c_fit,dpr_2.0,f_auto,h_300,q_auto:best,w_300/USPROD_PRODUCT/images/original/AURELIE65XKM_081087_SIDE_vg333.jpg","$995
        
    
    
    Regular Price",
./jimmy_choo/womens-sale.html,"Saeda 100
    
    IVORY/CRYSTAL",SAEDA100BBD000784,/en/women/shoes/saeda-100/ivory-satin-pumps-with-crystal-embellishment--SAEDA100BBD000784.html,"https://media.jimmychoo.com/image/upload/c_fit,dpr_2.0,f_auto,h_300,q_auto:best,w_300/USPROD_PRODUCT/images/original/SAEDA100BBD_000784_SIDE_vg290.jpg","$1,125
        
    
    
    Regular Price",
./jimmy_choo/womens-sale.html,"Bon Bon
    
    IVORY/CRYSTAL",BONBONVKM000784,/en/women/handbags/bon-bon/ivory-satin-bag-with-crystal-handle-BONBONVKM000784.html,"https://media.jimmychoo.com/image/upload/c_fit,dpr_2.0,f_auto,h_300,q_auto:best,w_300/USPROD_PRODUCT/images/original/BONBONVKM_000784_FRONT_vg340.jpg","$2,150
        
    
    
    Regular Price",
./jimmy_choo/womens-sale.html,"Cece Mid II 60
    
    RATTAN MIX",CECEMIDII60CEW102142,/en/women/shoes/cece-mid-ii-60/rattan-suede-boots-CECEMIDII60CEW102142.html,"https://media.jimmychoo.com/image/upload/c_fit,dpr_2.0,f_auto,h_300,q_auto:best,w_300/USPROD_PRODUCT/images/original/CECEMIDII60CEW_102142_SIDE_vg388.jpg","$2,050
        
    
    
    Regular Price",
./jimmy_choo/womens-sale.html,"Avenue 50
    
    LATTE",AVENUE50NAP080258,/en/women/shoes/avenue-50/latte-nappa-leather-mules--AVENUE50NAP080258.html,"https://media.jimmychoo.com/image/upload/c_fit,dpr_2.0,f_auto,h_300,q_auto:best,w_300/USPROD_PRODUCT/images/original/AVENUE50NAP_080258_SIDE_vg333.jpg","$795
        
    
    
    Regular Price",
./jimmy_choo/womens-sale.html,"Aurelie 65
    
    LATTE/WHITE",AURELIE65XKM081087,/en/women/shoes/aurelie-65/latte-patent-leather-pointed-pumps-with-pearl-embellishment--AURELIE65XKM081087.html,"https://media.jimmychoo.com/image/upload/c_fit,dpr_2.0,f_auto,h_300,q_auto:best,w_300/USPROD_PRODUCT/images/original/AURELIE65XKM_081087_SIDE_vg333.jpg","$995
        
    
    
    Regular Price",
./jimmy_choo/womens-sale.html,"Saeda 100
    
    IVORY/CRYSTAL",SAEDA100BBD000784,/en/women/shoes/saeda-100/ivory-satin-pumps-with-crystal-embellishment--SAEDA100BBD000784.html,"https://media.jimmychoo.com/image/upload/c_fit,dpr_2.0,f_auto,h_300,q_auto:best,w_300/USPROD_PRODUCT/images/original/SAEDA100BBD_000784_SIDE_vg290.jpg","$1,125
        
    
    
    Regular Price",
./jimmy_choo/womens-sale.html,"Bon Bon
    
    IVORY/CRYSTAL",BONBONVKM000784,/en/women/handbags/bon-bon/ivory-satin-bag-with-crystal-handle-BONBONVKM000784.html,"https://media.jimmychoo.com/image/upload/c_fit,dpr_2.0,f_auto,h_300,q_auto:best,w_300/USPROD_PRODUCT/images/original/BONBONVKM_000784_FRONT_vg340.jpg","$2,150
        
    
    
    Regular Price",
./jimmy_choo/womens-sale.html,"Cece Mid II 60
    
    RATTAN MIX",CECEMIDII60CEW102142,/en/women/shoes/cece-mid-ii-60/rattan-suede-boots-CECEMIDII60CEW102142.html,"https://media.jimmychoo.com/image/upload/c_fit,dpr_2.0,f_auto,h_300,q_auto:best,w_300/USPROD_PRODUCT/images/original/CECEMIDII60CEW_102142_SIDE_vg388.jpg","$2,050
        
    
    
    Regular Price",
./jimmy_choo/womens-sale.html,"Avenue 50
    
    LATTE",AVENUE50NAP080258,/en/women/shoes/avenue-50/latte-nappa-leather-mules--AVENUE50NAP080258.html,"https://media.jimmychoo.com/image/upload/c_fit,dpr_2.0,f_auto,h_300,q_auto:best,w_300/USPROD_PRODUCT/images/original/AVENUE50NAP_080258_SIDE_vg333.jpg","$795
        
    
    
    Regular Price",
./jimmy_choo/womens-sale.html,"Aurelie 65
    
    LATTE/WHITE",AURELIE65XKM081087,/en/women/shoes/aurelie-65/latte-patent-leather-pointed-pumps-with-pearl-embellishment--AURELIE65XKM081087.html,"https://media.jimmychoo.com/image/upload/c_fit,dpr_2.0,f_auto,h_300,q_auto:best,w_300/USPROD_PRODUCT/images/original/AURELIE65XKM_081087_SIDE_vg333.jpg","$995
        
    
    
    Regular Price",
./jimmy_choo/womens-sale.html,"Diamond Top Handle
    BAMBOO/GOLD",DIAMONDTOPHANDLEHRB121890,/en/women/handbags/diamond-top-handle/bamboo-lizard-print-top-handle-bag-DIAMONDTOPHANDLEHRB121890.html,"https://media.jimmychoo.com/image/upload/c_fit,dpr_2.0,f_auto,h_300,q_auto:best,w_300/USPROD_PRODUCT/images/original/DIAMONDTOPHANDLEHRB_121890_FRONT_vg388.jpg","$2,395
    Regular Price",
./jimmy_choo/womens-sale.html,"Ayla 110
    ROCCIA",AYLA110CUU120017,/en/women/shoes/ayla-110/roccia-snake-print--wedge-AYLA110CUU120017.html,"https://media.jimmychoo.com/image/upload/c_fit,dpr_2.0,f_auto,h_300,q_auto:best,w_300/USPROD_PRODUCT/images/original/AYLA110CUU_120017_SIDE_vg402.jpg","$895
    Regular Price",
./jimmy_choo/womens-sale.html,"Cinch M
    LATTE/GOLD",BONBONBCKTEWHUT000702,/en/women/handbags/cinch-m/latte-leather-bag-BONBONBCKTEWHUT000702.html,"https://media.jimmychoo.com/image/upload/c_fit,dpr_2.0,f_auto,h_300,q_auto:best,w_300/USPROD_PRODUCT/images/original/BONBONBCKTEWHUT_000702_FRONT_vg404.jpg","$1,895
    Regular Price",
./jimmy_choo/womens-sale.html,"Palma Maxi/F
    X SUNBLEACHED YELLOW/LATTE",PALMAMAXIFCYE072605,/en/women/shoes/palma-maxi-f/yellow-canvas-platform-trainers-PALMAMAXIFCYE072605.html,"https://media.jimmychoo.com/image/upload/c_fit,dpr_2.0,f_auto,h_300,q_auto:best,w_300/USPROD_PRODUCT/images/original/PALMAMAXIFCYE_072605_SIDE_vg394.jpg","$595
    Regular Price",
./jimmy_choo/womens-sale.html,"Amel 50
    ROCCIA",AMEL50PKB120017,/en/women/shoes/amel-50/roccia-snake-print-pumps-AMEL50PKB120017.html,"https://media.jimmychoo.com/image/upload/c_fit,dpr_2.0,f_auto,h_300,q_auto:best,w_300/USPROD_PRODUCT/images/original/AMEL50PKB_120017_SIDE_vg388.jpg","$995
    Regular Price",
./jimmy_choo/womens-sale.html,"Diamond Shoulder East-West S
    BAMBOO/GOLD",DIAMONDSHLDREWSMHRB121890,/en/women/accessories/diamond-shoulder-east-west-s/bamboo-lizard-print-mini-shoulder-bag-DIAMONDSHLDREWSMHRB121890.html,"https://media.jimmychoo.com/image/upload/c_fit,dpr_2.0,f_auto,h_300,q_auto:best,w_300/USPROD_PRODUCT/images/original/DIAMONDSHLDREWSMHRB_121890_FRONT_vg418.jpg","$1,295
    Regular Price",
./jimmy_choo/womens-sale.html,"Skye 70
    SUNBLEACHED YELLOW",SKYE70SAT072593,/en/women/shoes/skye-70/yellow-satin-sandals-SKYE70SAT072593.html,"https://media.jimmychoo.com/image/upload/c_fit,dpr_2.0,f_auto,h_300,q_auto:best,w_300/USPROD_PRODUCT/images/original/SKYE70SAT_072593_SIDE_vg388.jpg","$775
    Regular Price",
./jimmy_choo/womens-sale.html,"Diamond Top Handle
    BAMBOO/GOLD",DIAMONDTOPHANDLEHRB121890,/en/women/handbags/diamond-top-handle/bamboo-lizard-print-top-handle-bag-DIAMONDTOPHANDLEHRB121890.html,"https://media.jimmychoo.com/image/upload/c_fit,dpr_2.0,f_auto,h_300,q_auto:best,w_300/USPROD_PRODUCT/images/original/DIAMONDTOPHANDLEHRB_121890_FRONT_vg388.jpg","$2,395
    Regular Price",
./jimmy_choo/womens-sale.html,"Ayla 110
    ROCCIA",AYLA110CUU120017,/en/women/shoes/ayla-110/roccia-snake-print--wedge-AYLA110CUU120017.html,"https://media.jimmychoo.com/image/upload/c_fit,dpr_2.0,f_auto,h_300,q_auto:best,w_300/USPROD_PRODUCT/images/original/AYLA110CUU_120017_SIDE_vg402.jpg","$895
    Regular Price",
./jimmy_choo/womens-sale.html,"Cinch M
    LATTE/GOLD",BONBONBCKTEWHUT000702,/en/women/handbags/cinch-m/latte-leather-bag-BONBONBCKTEWHUT000702.html,"https://media.jimmychoo.com/image/upload/c_fit,dpr_2.0,f_auto,h_300,q_auto:best,w_300/USPROD_PRODUCT/images/original/BONBONBCKTEWHUT_000702_FRONT_vg404.jpg","$1,895
    Regular Price",
./jimmy_choo/womens-sale.html,"Palma Maxi/F
    X SUNBLEACHED YELLOW/LATTE",PALMAMAXIFCYE072605,/en/women/shoes/palma-maxi-f/yellow-canvas-platform-trainers-PALMAMAXIFCYE072605.html,"https://media.jimmychoo.com/image/upload/c_fit,dpr_2.0,f_auto,h_300,q_auto:best,w_300/USPROD_PRODUCT/images/original/PALMAMAXIFCYE_072605_SIDE_vg394.jpg","$595
    Regular Price",
./jimmy_choo/womens-sale.html,"Amel 50
    ROCCIA",AMEL50PKB120017,/en/women/shoes/amel-50/roccia-snake-print-pumps-AMEL50PKB120017.html,"https://media.jimmychoo.com/image/upload/c_fit,dpr_2.0,f_auto,h_300,q_auto:best,w_300/USPROD_PRODUCT/images/original/AMEL50PKB_120017_SIDE_vg388.jpg","$995
    Regular Price",
./jimmy_choo/womens-sale.html,"Diamond Shoulder East-West S
    BAMBOO/GOLD",DIAMONDSHLDREWSMHRB121890,/en/women/accessories/diamond-shoulder-east-west-s/bamboo-lizard-print-mini-shoulder-bag-DIAMONDSHLDREWSMHRB121890.html,"https://media.jimmychoo.com/image/upload/c_fit,dpr_2.0,f_auto,h_300,q_auto:best,w_300/USPROD_PRODUCT/images/original/DIAMONDSHLDREWSMHRB_121890_FRONT_vg418.jpg","$1,295
    Regular Price",
./jimmy_choo/womens-sale.html,"Skye 70
    SUNBLEACHED YELLOW",SKYE70SAT072593,/en/women/shoes/skye-70/yellow-satin-sandals-SKYE70SAT072593.html,"https://media.jimmychoo.com/image/upload/c_fit,dpr_2.0,f_auto,h_300,q_auto:best,w_300/USPROD_PRODUCT/images/original/SKYE70SAT_072593_SIDE_vg388.jpg","$775
    Regular Price",
./jimmy_choo/womens-sale.html,"Diamond Top Handle
    BAMBOO/GOLD",DIAMONDTOPHANDLEHRB121890,/en/women/handbags/diamond-top-handle/bamboo-lizard-print-top-handle-bag-DIAMONDTOPHANDLEHRB121890.html,"https://media.jimmychoo.com/image/upload/c_fit,dpr_2.0,f_auto,h_300,q_auto:best,w_300/USPROD_PRODUCT/images/original/DIAMONDTOPHANDLEHRB_121890_FRONT_vg388.jpg","$2,395
    Regular Price",
./jimmy_choo/womens-sale.html,"Ayla 110
    ROCCIA",AYLA110CUU120017,/en/women/shoes/ayla-110/roccia-snake-print--wedge-AYLA110CUU120017.html,"https://media.jimmychoo.com/image/upload/c_fit,dpr_2.0,f_auto,h_300,q_auto:best,w_300/USPROD_PRODUCT/images/original/AYLA110CUU_120017_SIDE_vg402.jpg","$895
    Regular Price",
./jimmy_choo/womens-sale.html,"Cinch M
    LATTE/GOLD",BONBONBCKTEWHUT000702,/en/women/handbags/cinch-m/latte-leather-bag-BONBONBCKTEWHUT000702.html,"https://media.jimmychoo.com/image/upload/c_fit,dpr_2.0,f_auto,h_300,q_auto:best,w_300/USPROD_PRODUCT/images/original/BONBONBCKTEWHUT_000702_FRONT_vg404.jpg","$1,895
    Regular Price",
./jimmy_choo/womens-sale.html,"Palma Maxi/F
    X SUNBLEACHED YELLOW/LATTE",PALMAMAXIFCYE072605,/en/women/shoes/palma-maxi-f/yellow-canvas-platform-trainers-PALMAMAXIFCYE072605.html,"https://media.jimmychoo.com/image/upload/c_fit,dpr_2.0,f_auto,h_300,q_auto:best,w_300/USPROD_PRODUCT/images/original/PALMAMAXIFCYE_072605_SIDE_vg394.jpg","$595
    Regular Price",
./jimmy_choo/womens-sale.html,"Romy 85
    SILVER",ROMY85QUIAA0009,/en/sale/women-sale/romy-85/silver-liquid-metal-leather-pumps-ROMY85QUIAA0009.html?cgid=sale-women,,"Regular Price

    $825",
./jimmy_choo/womens-sale.html,"Romy 85
    PAPRIKA",ROMY85NAP061780,/en/sale/women-sale/romy-85/paprika-nappa-leather-pumps-ROMY85NAP061780.html?cgid=sale-women,,"Regular Price

    $775",
./jimmy_choo/womens-sale.html,"Diamond Light Maxi/F
    V POWDER PINK",DIAMONDLIGHTMAXIFMYU112628,/en/sale/women-sale/diamond-light-maxi-f/powder-pink-knit-low-top-trainers-with-platform-sole-DIAMONDLIGHTMAXIFMYU112628.html?cgid=sale-women,,"Regular Price

    $650",
./jimmy_choo/womens-sale.html,"Rome/F
    V WHITE/CHAMPAGNE",ROMEFAZA0C9213,/en/sale/women-sale/rome-f/white-calf-leather-and-champagne-metallic-nappa-low-top-trainers-ROMEFAZA0C9213.html?cgid=sale-women,,"Regular Price

    $650",
./jimmy_choo/womens-sale.html,"Saeda 85
    BLACK/CRYSTAL",SAEDA85ZOD000757,/en/sale/women-sale/saeda-85/black-velvet-pumps-with-crystal-embellishment-SAEDA85ZOD000757.html?cgid=sale-women,,"Regular Price

    $1,125",
./jimmy_choo/womens-sale.html,"Avenue 85
    LATTE",AVENUE85NAP080258,/en/sale/women-sale/avenue-85/latte-nappa-leather-mules-AVENUE85NAP080258.html?cgid=sale-women,,"Regular Price

    $750",
./jimmy_choo/womens-sale.html,"Avenue Flat
    BISCUIT",AVENUEFLATNAP120263,/en/sale/women-sale/avenue-flat/biscuit-nappa-leather-flat-sandals-AVENUEFLATNAP120263.html?cgid=sale-women,,"Regular Price

    $650",
./jimmy_choo/womens-sale.html,"Cass 95
    BLACK/BLACK",CASS95NPA000074,/en/sale/women-sale/cass-95/black-nappa-and-patent-leather-pumps-CASS95NPA000074.html?cgid=sale-women,,"Regular Price

    $825",
./jimmy_choo/womens-sale.html,"Diamond Flip Flop
    X BLACK",DIAMONDFLIPFLOPRUB013684,/en/sale/women-sale/diamond-flip-flop/black-rubber-flip-flops-DIAMONDFLIPFLOPRUB013684.html?cgid=sale-women,,"Regular Price

    $375",
./jimmy_choo/womens-sale.html,"Gal Wedge 130
    NATURAL/ECRU",GALWEDGE130TMQ121795,/en/sale/women-sale/gal-wedge-130/natural-jimmy-choo-embroidered-raffia-wedge-sandals-GALWEDGE130TMQ121795.html?cgid=sale-women,,"Regular Price

    $750",
./jimmy_choo/womens-sale.html,,,,,,
./jimmy_choo/womens-sale.html,"JC Envelope Pouch
    GOLD",JCENVELOPEPOUCHMNAOO0022,/en/sale/women-sale/jc-envelope-pouch/gold-metallic-nappa-pouch-with-jc-emblem-JCENVELOPEPOUCHMNAOO0022.html?cgid=sale-women,,"Regular Price

    $625",
./jimmy_choo/womens-sale.html,"Diamond Flip Flop
    X WHITE",DIAMONDFLIPFLOPRUB081071,/en/sale/women-sale/diamond-flip-flop/white-rubber-flip-flops-DIAMONDFLIPFLOPRUB081071.html?cgid=sale-women,,"Regular Price

    $375",
./jimmy_choo/womens-sale.html,"Kyda 35
    FUCHSIA/PAPRIKA",KYDA35PHN061804,/en/sale/women-sale/kyda-35/fuchsia-and-pink-nappa-leather-sandals--KYDA35PHN061804.html?cgid=sale-women,,"Regular Price

    $725",
./jimmy_choo/womens-sale.html,"Rosie 120
    IVORY",ROSIE120SAT080002,/en/sale/women-sale/rosie-120/ivory-satin-platform-sandals-ROSIE120SAT080002.html?cgid=sale-women,,"Regular Price

    $1,050",
./jimmy_choo/womens-sale.html,"Rome/f
    V DENIM/NAVY/WHITE",ROMEFJDM0C9795,/en/sale/women-sale/rome-f/white-leather-and-denim-jc-monogram-pattern-low-top-trainers-ROMEFJDM0C9795.html?cgid=sale-women,,"Regular Price

    $650",
./jimmy_choo/womens-sale.html,"Azia Pump 75
    BLACK",AZIAPUMP75PAT010003,/en/sale/women-sale/azia-pump-75/black-patent-leather-pumps-AZIAPUMP75PAT010003.html?cgid=sale-women,,"Regular Price

    $850",
./jimmy_choo/womens-sale.html,"Diamond Maxi/F II
    V WHITE/DARK GREEN MIX",DIAMONDMAXIFIIBFA1C0090,/en/sale/women-sale/diamond-maxi-f-ii/white-and-green-leather-trainers-with-platform-sole-DIAMONDMAXIFIIBFA1C0090.html?cgid=sale-women,,"Regular Price

    $725",
./jimmy_choo/womens-sale.html,"Anise Wedge 85
    BLACK",ANISEWEDGE85PAT010003,/en/sale/women-sale/anise-wedge-85/black-patent-leather-wedge-mules-ANISEWEDGE85PAT010003.html?cgid=sale-women,,"Regular Price

    $850",
./jimmy_choo/womens-sale.html,"Bing Pump 65
    BLACK",BINGPUMP65LAC010003,/en/sale/women-sale/bing-pump-65/black-lace-pumps-with-crystals-BINGPUMP65LAC010003.html?cgid=sale-women,,"Regular Price

    $1,125",
./jimmy_choo/womens-sale.html,"Avenue Flat
    BLACK",AVENUEFLATNAP010003,/en/sale/women-sale/avenue-flat/black-nappa-leather-flat-sandals-AVENUEFLATNAP010003.html?cgid=sale-women,,"Regular Price

    $650",
./jimmy_choo/womens-sale.html,"Brie Flat
    NATURAL/ECRU",BRIEFLATTMQ121795,/en/sale/women-sale/brie-flat/natural-jimmy-choo-embroidered-raffia-espadrilles-BRIEFLATTMQ121795.html?cgid=sale-women,,"Regular Price

    $595",
./jimmy_choo/womens-sale.html,"Agathe Knee Boot 85
    BISCUIT",AGATHEKB85LTC120263,/en/sale/women-sale/agathe-knee-boot-85/biscuit-calf-leather-knee-high-boots-AGATHEKB85LTC120263.html?cgid=sale-women,,"Regular Price

    $1,595",
./jimmy_choo/womens-sale.html,"Cass 95
    BALLET PINK/BALLET PINK",CASS95SPT005977,/en/sale/women-sale/cass-95/ballet-pink-suede-and-patent-pumps-CASS95SPT005977.html?cgid=sale-women,,"Regular Price

    $825",
./jimmy_choo/womens-sale.html,"Hedera Sling Back 70
    BLACK",HEDERASB70NAP010003,/en/sale/women-sale/hedera-sling-back-70/black-nappa-leather-sling-back-pumps-HEDERASB70NAP010003.html?cgid=sale-women,,"Regular Price

    $925",
./jimmy_choo/womens-sale.html,"Romy 60
    DENIM",ROMY60SUE040037,/en/sale/women-sale/romy-60/denim-suede-pumps-ROMY60SUE040037.html?cgid=sale-women,,"Regular Price

    $775",
./jimmy_choo/womens-sale.html,"Cass 95
    LATTE/LATTE",CASS95NPA080933,/en/sale/women-sale/cass-95/latte-nappa-and-patent-leather-pumps-CASS95NPA080933.html?cgid=sale-women,,"Regular Price

    $825",
./jimmy_choo/womens-sale.html,"Avenue Camera M
    BLACK/LIGHT GOLD",VARENNECAMERAMNBA001463,/en/sale/women-sale/avenue-camera-m/black-quilted-nappa-leather-camera-bag-VARENNECAMERAMNBA001463.html?cgid=sale-women,,"Regular Price

    $1,095",
./jimmy_choo/womens-sale.html,"Jess 65
    LATTE",JESS65NAP080258,/en/sale/women-sale/jess-65/latte-nappa-leather-sandals-JESS65NAP080258.html?cgid=sale-women,,"Regular Price

    $850",
./jimmy_choo/womens-sale.html,"Maryanne 100
    BISCUIT",MARYANNE100CLF120263,/en/sale/women-sale/maryanne-100/biscuit-calf-leather-pointed-toe-pumps-MARYANNE100CLF120263.html?cgid=sale-women,,"Regular Price

    $895",
./jimmy_choo/womens-sale.html,"Cass 95
    TAN",CASS95CQX025603,/en/sale/women-sale/cass-95/tan-croc-embossed-leather-pumps-CASS95CQX025603.html?cgid=sale-women,,"Regular Price

    $850",
./jimmy_choo/womens-sale.html,"Saeda 85
    BLACK/CRYSTAL",SAEDA85BOB000757,/en/sale/women-sale/saeda-85/black-patent-leather-pumps-with-crystal-embellishment--SAEDA85BOB000757.html?cgid=sale-women,,"Regular Price

    $1,125",
./jimmy_choo/womens-sale.html,"Ellison 85
    CUOIO",ELLISON85NAP020005,/en/sale/women-sale/ellison-85/cuoio-nappa-leather-sandals-ELLISON85NAP020005.html?cgid=sale-women,,"Regular Price

    $850",
./jimmy_choo/womens-sale.html,"Kyda 35
    SKY/NAVY",KYDA35PHN0C7459,/en/sale/women-sale/kyda-35/sky-and-navy-nappa-leather-sandals--KYDA35PHN0C7459.html?cgid=sale-women,,"Regular Price

    $725",
./jimmy_choo/womens-sale.html,"Diamond Light Maxi/F
    V SILVER",DIAMONDLIGHTMAXIFMYWAA0905,/en/sale/women-sale/diamond-light-maxi-f/metallic-nappa-low-top-trainers-with-platform-sole-DIAMONDLIGHTMAXIFMYWAA0905.html?cgid=sale-women,,"Regular Price

    $695",
./jimmy_choo/womens-sale.html,"Avenue Flat
    GOLD",AVENUEFLATMNAOO0022,/en/sale/women-sale/avenue-flat/gold-metallic-nappa-leather-flat-sandals-AVENUEFLATMNAOO0022.html?cgid=sale-women,,"Regular Price

    $675",
./jimmy_choo/womens-sale.html,"Romy 60
    CHAMPAGNE",ROMY60HHK120011,/en/sale/women-sale/romy-60/champagne-metallic-snake-printed-leather-pumps-ROMY60HHK120011.html?cgid=sale-women,,"Regular Price

    $825",
./jimmy_choo/womens-sale.html,"Avenue Pouch
    SKY/SKY MIX",AVENUEPOUCHJXF043626,/en/sale/women-sale/avenue-pouch/sky-embroidered-fabric-and-leather-pouch-AVENUEPOUCHJXF043626.html?cgid=sale-women,,"Regular Price

    $750",
./jimmy_choo/womens-sale.html,"Anise Wedge 85
    GOLD",ANISEWEDGE85QUIOO0022,/en/sale/women-sale/anise-wedge-85/gold-liquid-leather-metal-wedge-mules-ANISEWEDGE85QUIOO0022.html?cgid=sale-women,,"Regular Price

    $895",
./jimmy_choo/womens-sale.html,"Ellison Mule 45
    LATTE",ELLISONMULE45NAP080258,/en/sale/women-sale/ellison-mule-45/latte-nappa-leather-mules-ELLISONMULE45NAP080258.html?cgid=sale-women,,"Regular Price

    $795",
./jimmy_choo/womens-sale.html,"Cass 75
    BALLET PINK/BALLET PINK",CASS75SPT005977,/en/sale/women-sale/cass-75/ballet-pink-suede-and-patent-pumps-CASS75SPT005977.html?cgid=sale-women,,"Regular Price

    $825",
./jimmy_choo/womens-sale.html,Max 150 BLACK,MAX150SUE010003,/en/sale/women-sale/max-150/black-suede-open-toe-platform-sandals--MAX150SUE010003.html?cgid=sale-women,,"Regular Price
 $950",
./jimmy_choo/womens-sale.html,Didi 45 ICE BLUE,DIDI45PAT040209,/en/sale/women-sale/didi-45/ice-blue-patent-leather-pointed-pumps-DIDI45PAT040209.html?cgid=sale-women,,"Regular Price
 $975",
./jimmy_choo/womens-sale.html,JC Envelope Pouch BLACK/LIGHT GOLD,JCENVELOPEPOUCHQHU001463,/en/sale/women-sale/jc-envelope-pouch/black-leather-pouch-with-crystal-bar-and-gold-jc-emblem-JCENVELOPEPOUCHQHU001463.html?cgid=sale-women,,"Regular Price
 $750",
./jimmy_choo/womens-sale.html,Kyda 35 LATTE/BLACK,KYDA35PHN0C1088,/en/sale/women-sale/kyda-35/black-and-latte-nappa-leather-sandals--KYDA35PHN0C1088.html?cgid=sale-women,,"Regular Price
 $725",
./jimmy_choo/womens-sale.html,Loren Ankle Boot 85 BLACK,LORENAB85LTC010003,/en/sale/women-sale/loren-ankle-boot-85/black-calf-leather-ankle-boots-LORENAB85LTC010003.html?cgid=sale-women,,"Regular Price
 $1,095",
./jimmy_choo/womens-sale.html,Diamond Soft Hobo/S BISCUIT/GOLD,DIAMONDSOFTHOBOSAQK121830,/en/sale/women-sale/diamond-soft-hobo-s/biscuit-calf-leather-hobo-bag-with-chain-strap-DIAMONDSOFTHOBOSAQK121830.html?cgid=sale-women,,"Regular Price
 $1,695",
./jimmy_choo/womens-sale.html,Cass 95 SILVER/GOLD,CASS95QXA004650,/en/sale/women-sale/cass-95/silver-and-gold-liquid-metal-leather-pumps-CASS95QXA004650.html?cgid=sale-women,,"Regular Price
 $950",
./jimmy_choo/womens-sale.html,Avenue Wallet With Chain GOLD/LIGHT GOLD,VARENNEWALLETCHAINRBA008937,/en/sale/women-sale/avenue-wallet-with-chain-/gold-quilted-metallic-nappa-wallet-with-crystal-bar-VARENNEWALLETCHAINRBA008937.html?cgid=sale-women,,"Regular Price
 $995",
./jimmy_choo/womens-sale.html,Hedera Sling Back 70 BISCUIT,HEDERASB70NAP120263,/en/sale/women-sale/hedera-sling-back-70/biscuit-nappa-leather-sling-back-pumps-HEDERASB70NAP120263.html?cgid=sale-women,,"Regular Price
 $925",
./jimmy_choo/womens-sale.html,Jess Flat SILVER,JESSFLATQUIAA0009,/en/sale/women-sale/jess-flat/silver-liquid-metal-leather-flat-sandals-JESSFLATQUIAA0009.html?cgid=sale-women,,"Regular Price
 $775",
./jimmy_choo/womens-sale.html,Azia Pump 95 BLACK,AZIAPUMP95PAT010003,/en/sale/women-sale/azia-pump-95/black-patent-leather-pumps-AZIAPUMP95PAT010003.html?cgid=sale-women,,"Regular Price
 $850",
./jimmy_choo/womens-sale.html,Bon Bon CASSIS,BONBONVKK051600,/en/sale/women-sale/bon-bon/cassis-velvet-handbag-with-metal-handle-BONBONVKK051600.html?cgid=sale-women,,"Regular Price
 $1,095",
./jimmy_choo/womens-sale.html,Heloise 120 ICE BLUE,HELOISE120NAP040209,/en/sale/women-sale/heloise-120/ice-blue-nappa-leather-platform-sandals-HELOISE120NAP040209.html?cgid=sale-women,,"Regular Price
 $975",
./jimmy_choo/womens-sale.html,Chike Shearling KHAKI BROWN/BARLEY,CHIKESHEARLINGVQQ027331,/en/sale/women-sale/chike-shearling/khaki-brown-velvet-suede-ankle-boots-with-shearling-trim-CHIKESHEARLINGVQQ027331.html?cgid=sale-women,,"Regular Price
 $1,395",
./jimmy_choo/womens-sale.html,JC Pearl Cuff GOLD/WHITE,JCPEARLCUFFDXQ0C9456,/en/sale/women-sale/jc-pearl-cuff/gold-finish-metal-cuff-bracelet-with-pearls--JCPEARLCUFFDXQ0C9456.html?cgid=sale-women,,"Regular Price
 $495",
./jimmy_choo/womens-sale.html,Paxy S100 LATTE,PAXYS758081054,/en/sale/women-sale/paxy/latte-cotton-baseball-cap-with-matte-glitter-jc-monogram-PAXYS758081054.html?cgid=sale-women,,"Regular Price
 $450",
./jimmy_choo/womens-sale.html,Agnes BLACK,AGNESOKID010003,/en/sale/women-sale/agnes/black-kid-leather-pointy-toe-pumps-AGNESOKID010003.html?cgid=sale-women,,"Regular Price
 $775",
./jimmy_choo/womens-sale.html,Bon Bon Bucket S ROSE/LIGHT GOLD,BONBONBUCKETSNJA112777,/en/sale/women-sale/bon-bon-bucket-s/rose-calf-leather-mini-bucket-bag-with-flowers-BONBONBUCKETSNJA112777.html?cgid=sale-women,,"Regular Price
 $1,795",
./jimmy_choo/womens-sale.html,Jess Flat LATTE,JESSFLATNAP080258,/en/sale/women-sale/jess-flat/latte-nappa-leather-flat-sandals-JESSFLATNAP080258.html?cgid=sale-women,,"Regular Price
 $725",
./jimmy_choo/womens-sale.html,Ellison Mule 45 CUOIO,ELLISONMULE45NAP020005,/en/sale/women-sale/ellison-mule-45/cuoio-nappa-leather-mules-ELLISONMULE45NAP020005.html?cgid=sale-women,,"Regular Price
 $795",
./jimmy_choo/womens-sale.html,Avenue Wedge 110 SILVER,AVENUEWEDGE110MNAAA0009,/en/sale/women-sale/avenue-wedge-110/silver-metallic-nappa-wedge-mules-AVENUEWEDGE110MNAAA0009.html?cgid=sale-women,,"Regular Price
 $825",
./jimmy_choo/womens-sale.html,JC Ankle Boot 65 TAN,JCANKLEBOOT65OSUE025603,/en/sale/women-sale/jc-ankle-boot-65/tan-suede-ankle-boots-with-jc-emblem-JCANKLEBOOT65OSUE025603.html?cgid=sale-women,,"Regular Price
 $1,295",
./jimmy_choo/womens-sale.html,JC Pearl Cuff GOLD,JCCRYSTALCUFFMJIOO0022,/en/sale/women-sale/jc-pearl-cuff/gold-finish-metal-cuff-bracelet-with-pearl-and-swarovski-crystal-embellishment-JCCRYSTALCUFFMJIOO0022.html?cgid=sale-women,,"Regular Price
 $525",
./jimmy_choo/womens-sale.html,Amel 50 DENIM,AMEL50PSU040037,/en/sale/women-sale/amel-50/denim-suede-sling-back-pumps-AMEL50PSU040037.html?cgid=sale-women,,"Regular Price
 $1,095",
./jimmy_choo/womens-sale.html,Azia Pump 75 CHAMPAGNE,AZIAPUMP75GLE120011,/en/sale/women-sale/azia-pump-75/champagne-glitter-leather-pumps-AZIAPUMP75GLE120011.html?cgid=sale-women,,"Regular Price
 $895",
./jimmy_choo/womens-sale.html,Azia 75 BALLET PINK,AZIA75TAI110323,/en/sale/women-sale/azia-75/ballet-pink-glitter-fabric-sandals-AZIA75TAI110323.html?cgid=sale-women,,"Regular Price
 $950",
./jimmy_choo/womens-sale.html,Renata DENIM,RENATAS788043507,/en/sale/women-sale/renata/denim-jc-monogram-jacquard-bucket-hat-RENATAS788043507.html?cgid=sale-women,,"Regular Price
 $495",
./jimmy_choo/womens-sale.html,Agnes POWDER PINK,AGNESOPAT112174,/en/sale/women-sale/agnes/powder-pink-patent-leather-pointed-toe-pumps-AGNESOPAT112174.html?cgid=sale-women,,"Regular Price
 $775",
./jimmy_choo/womens-sale.html,Romy 85 DARK GREEN,ROMY85HHK031838,/en/sale/women-sale/romy-85/dark-green-metallic-snake-printed-leather-pumps-ROMY85HHK031838.html?cgid=sale-women,,"Regular Price
 $825",
./jimmy_choo/womens-sale.html,Avenue Pouch BLACK/WHITE/NEUTRAL,AVENUEPOUCHCZP1C0018,/en/sale/women-sale/avenue-pouch/black-and-white-avenue-print-canvas-pouch-AVENUEPOUCHCZP1C0018.html?cgid=sale-women,,"Regular Price
 $750",
./jimmy_choo/womens-sale.html,Azie 85 FUCHSIA/PAPRIKA,AZIE85POU061804,/en/sale/women-sale/azie-85/fuchsia-and-paprika-patchwork-suede-sandals-AZIE85POU061804.html?cgid=sale-women,,"Regular Price
 $995",
./jimmy_choo/womens-sale.html,Ellison 85 LATTE,ELLISON85NAP080258,/en/sale/women-sale/ellison-85/latte-nappa-leather-sandals-ELLISON85NAP080258.html?cgid=sale-women,,"Regular Price
 $850",
./jimmy_choo/womens-sale.html,Anise 95 IVORY,ANISE95SAT080002,/en/sale/women-sale/anise-95/ivory-satin-mules-ANISE95SAT080002.html?cgid=sale-women,,"Regular Price
 $825",
./jimmy_choo/womens-sale.html,Diamond Tilda Flat DARK GREEN,DIAMONDTILDAFLATNAP031838,/en/sale/women-sale/diamond-tilda-flat/dark-green-nappa-leather-flats-with-diamond-chain-DIAMONDTILDAFLATNAP031838.html?cgid=sale-women,,"Regular Price
 $795",
./jimmy_choo/womens-sale.html,Nine2Five East-West LATTE,NINE2FIVEEWGRC080258,/en/sale/women-sale/nine2five-east-west/latte-grainy-calf-tote-bag-with-jc-logo--NINE2FIVEEWGRC080258.html?cgid=sale-women,,"Regular Price
 $995",
./jimmy_choo/womens-sale.html,Val 70 CANDY PINK,VAL70SAT110923,/en/sale/women-sale/val-70/candy-pink-satin-mule-sandals-VAL70SAT110923.html?cgid=sale-women,,"Regular Price
 $725",
./jimmy_choo/womens-sale.html,Amara 45 BLACK/WHITE,AMARA45SZR000050,/en/sale/women-sale/amara-45/black-suede-mules-with-pearl-embellishment--AMARA45SZR000050.html?cgid=sale-women,,"Regular Price
 $995",
./jimmy_choo/womens-sale.html,Nine2Five East-West BLACK,NINE2FIVEEWGRC010003,/en/sale/women-sale/nine2five-east-west/black-grained-calf-leather-tote-handbag-with-jc-emblem-NINE2FIVEEWGRC010003.html?cgid=sale-women,,"Regular Price
 $995",
./jimmy_choo/womens-sale.html,Misty 120 BLACK,MISTY120OSUE010003,/en/sale/women-sale/misty-120/black-suede-sandals-MISTY120OSUE010003.html?cgid=sale-women,,"Regular Price
 $950",
./jimmy_choo/womens-sale.html,Bon Bon Necklace GOLD,BONBONNECKLACEMFQOO0022,/en/sale/women-sale/bon-bon-necklace/gold-finish-metal-necklace-with-pearl-and-jc-charm-BONBONNECKLACEMFQOO0022.html?cgid=sale-women,,"Regular Price
 $525",
./jimmy_choo/womens-sale.html,Maryanne Mule 100 BLACK,MARYANNEMULE100CLF010003,/en/sale/women-sale/maryanne-mule-100/black-calf-leather-pointed-toe-mules-MARYANNEMULE100CLF010003.html?cgid=sale-women,,"Regular Price
 $850",
./jimmy_choo/womens-sale.html,Saeda 85 DARK GREEN/CRYSTAL,SAEDA85ZOD0C8259,/en/sale/women-sale/saeda-85/dark-green-velvet-pumps-with-crystal-chain-SAEDA85ZOD0C8259.html?cgid=sale-women,,"Regular Price
 $1,125",
./jimmy_choo/womens-sale.html,Diamond Light Maxi/f V WHITE/SILVER,DIAMONDLIGHTMAXIFAQF0C8776,/en/sale/women-sale/diamond-light-maxi-f/white-nappa-leather-low-top-trainers-with-studs-DIAMONDLIGHTMAXIFAQF0C8776.html?cgid=sale-women,,"Regular Price
 $875",
./jimmy_choo/womens-sale.html,Ander 50 DENIM,ANDER50PSU040037,/en/sale/women-sale/ander-50/denim-suede-sandals-ANDER50PSU040037.html?cgid=sale-women,,"Regular Price
 $1,095",
./jimmy_choo/womens-sale.html,Azia Pump 95 BALLET PINK,AZIAPUMP95PAT110323,/en/sale/women-sale/azia-pump-95/ballet-pink-patent-leather-pumps-AZIAPUMP95PAT110323.html?cgid=sale-women,,"Regular Price
 $850",
./jimmy_choo/womens-sale.html,Jess 65 ICE BLUE,JESS65PAT040209,/en/sale/women-sale/jess-65/ice-blue-patent-leather-sandals-JESS65PAT040209.html?cgid=sale-women,,"Regular Price
 $850",
./jimmy_choo/womens-sale.html,Nari Flat BLACK DIAMOND MIX,NARIFLATDEQ013203,/en/sale/women-sale/nari-flat/black-shimmer-suede-boots-with-crystals-NARIFLATDEQ013203.html?cgid=sale-women,,"Regular Price
 $5,795",
./jimmy_choo/womens-sale.html,Chike Shearling GOLD/CARAMEL,CHIKESHEARLINGMJNOO1438,/en/sale/women-sale/chike-shearling/gold-metallic-nappa--ankle-boots-with-shearling-trim-CHIKESHEARLINGMJNOO1438.html?cgid=sale-women,,"Regular Price
 $1,395",
./jimmy_choo/womens-sale.html,Nell Mule 85 BLACK,NELLMULE85CQX010003,/en/sale/women-sale/nell-mule-85/black-croc-embossed-leather-mules-NELLMULE85CQX010003.html?cgid=sale-women,,"Regular Price
 $995",
./jimmy_choo/womens-sale.html,Heloise Wedge 95 CANDY PINK,HELOISEWEDGE95MNA110923,/en/sale/women-sale/heloise-wedge-95/candy-pink-metallic-nappa-leather-platform-sandals-HELOISEWEDGE95MNA110923.html?cgid=sale-women,,"Regular Price
 $895",
./jimmy_choo/womens-sale.html,Sadia 95 DARK GREEN,SADIA95TFE031838,/en/sale/women-sale/sadia-95/dark-green-taffeta-pumps-with-crystal-anklet-SADIA95TFE031838.html?cgid=sale-women,,"Regular Price
 $1,325",
./jimmy_choo/womens-sale.html,Emani S430 FUCHSIA,EMANIH6S077280S728110604,/en/sale/women-sale/emani/fuchsia-silk-and-wool-jacquard-shawl--EMANIH6S077280S728110604.html?cgid=sale-women,,"Regular Price
 $650",
./jimmy_choo/womens-sale.html,Paxy SAND DUNE,PAXYS760121768,/en/sale/women-sale/paxy/sand-dune-cotton-baseball-cap-with-shiny-jc-monogram-PAXYS760121768.html?cgid=sale-women,,"Regular Price
 $450",
./jimmy_choo/womens-sale.html,Ander 50 LATTE,ANDER50NAP080258,/en/sale/women-sale/ander-50/latte-nappa-leather-sandals-ANDER50NAP080258.html?cgid=sale-women,,"Regular Price
 $925",
./jimmy_choo/womens-sale.html,Callie Shoulder GOLD/ECRU/LIGHT GOLD,CALLIESHOULDERDGWOO1446,/en/sale/women-sale/callie-shoulder/gold-metallic-nappa-shoulder-bag-with-jimmy-choo-embroidery-CALLIESHOULDERDGWOO1446.html?cgid=sale-women,,"Regular Price
 $1,295",
./jimmy_choo/womens-sale.html,Diamond Clasp Belt CANDY PINK/ANTIQUE SILVER,DIAMONDCLASPBELTIFV112742,/en/sale/women-sale/diamond-clasp-belt/candy-pink-satin-clasp-belt-with-pave-crystals-DIAMONDCLASPBELTIFV112742.html?cgid=sale-women,,"Regular Price
 $575",
./jimmy_choo/womens-sale.html,Amita Flowers 45 BLACK,AMITAFLOWERS45BGW010003,/en/sale/women-sale/amita-flowers-45/black-nappa-leather-sling-back-pumps-with-flowers-AMITAFLOWERS45BGW010003.html?cgid=sale-women,,"Regular Price
 $995",
./jimmy_choo/womens-sale.html,Zula 100 MAGENTA,ZULA100OJCM112091,/en/sale/women-sale/zula-100/magenta-jc-emblem-mesh-sandals-ZULA100OJCM112091.html?cgid=sale-women,,"Regular Price
 $925",
./jimmy_choo/womens-sale.html,Isbel 100 MILK/CLEAR,ISBEL100ONPW081228,/en/sale/women-sale/isbel-100/milk-nappa-leather-and-plexi-sandals-ISBEL100ONPW081228.html?cgid=sale-women,,"Regular Price
 $975",
./jimmy_choo/womens-sale.html,Bing Pump 65 DARK GREEN,BINGPUMP65SAT031838,/en/sale/women-sale/bing-pump-65/dark-green-satin-pumps-with-crystals-BINGPUMP65SAT031838.html?cgid=sale-women,,"Regular Price
 $1,095",
./jimmy_choo/womens-sale.html,Saeda Sandal Platform 125 BLACK/CRYSTAL,SAEDASANDALPF125EWA000757,/en/sale/women-sale/saeda-sandal-platform-125/black-suede-platform-sandals-with-crystal-embellishment-SAEDASANDALPF125EWA000757.html?cgid=sale-women,,"Regular Price
 $1,295",
./jimmy_choo/womens-sale.html,Heloise 120 DARK GREEN,HELOISE120VEL031838,/en/sale/women-sale/heloise-120/dark-green-velvet-platform-sandals-HELOISE120VEL031838.html?cgid=sale-women,,"Regular Price
 $975",
./jimmy_choo/womens-sale.html,Bonny Clutch ICE BLUE,BONNYCLUTCHSAT040209,/en/sale/women-sale/bonny-clutch/ice-blue-satin-clutch-bag--BONNYCLUTCHSAT040209.html?cgid=sale-women,,"Regular Price
 $850",
./jimmy_choo/womens-sale.html,Avenue Quad BLACK/LATTE/DARK SILVER,AVENUEQUADCQO1C0017,/en/sale/women-sale/avenue-quad/black-and-latte-avenue-nappa-leather-shoulder-bag-with-jc-emblem-AVENUEQUADCQO1C0017.html?cgid=sale-women,,"Regular Price
 $1,995",
./jimmy_choo/womens-sale.html,Chike Shearling BLACK/BARLEY,CHIKESHEARLINGAYS013879,/en/sale/women-sale/chike-shearling/black-vachetta-ankle-boots-with-shearling-trim-CHIKESHEARLINGAYS013879.html?cgid=sale-women,,"Regular Price
 $1,395",
./jimmy_choo/womens-sale.html,Agnes NEON CITRON,AGNESOPAF072504,/en/sale/women-sale/agnes/neon-citron-patent-pointed-toe-pumps-AGNESOPAF072504.html?cgid=sale-women,,"Regular Price
 $775",
./jimmy_choo/womens-sale.html,Avenue 85 BOYSENBERRY,AVENUE85VEL110002,/en/sale/women-sale/avenue-85/boysenberry-velvet-mules-AVENUE85VEL110002.html?cgid=sale-women,,"Regular Price
 $750",
./jimmy_choo/womens-sale.html,Azie 85 LATTE/BLACK,AZIE85PHN0C1088,/en/sale/women-sale/azie-85/latte-and-black-patchwork-nappa-leather-sandals-AZIE85PHN0C1088.html?cgid=sale-women,,"Regular Price
 $995",
./jimmy_choo/womens-sale.html,Avenue Mini Shoulder LATTE/LIGHT GOLD,VARENNEMINISHLDRDAH081095,/en/sale/women-sale/avenue-mini-shoulder/latte-leather-mini-shoulder-bag-with-jc-emblem-VARENNEMINISHLDRDAH081095.html?cgid=sale-women,,"Regular Price
 $1,195",
./jimmy_choo/womens-sale.html,Love 85 CAPER GREEN,LOVE85BWJ035322,/en/sale/women-sale/love-85/caper-green-suede-pointed-pumps-with-jc-emblem-LOVE85BWJ035322.html?cgid=sale-women,,"Regular Price
 $775",
./jimmy_choo/womens-sale.html,Callie Shoulder CASSIS/LIGHT GOLD,CALLIESHOULDERTLK043521,/en/sale/women-sale/callie--shoulder-/cassis-satin-shoulder-bag-with-beaded-fringe-CALLIESHOULDERTLK043521.html?cgid=sale-women,,"Regular Price
 $2,995",
./jimmy_choo/womens-sale.html,Elme Flat ICE BLUE,ELMEFLATNAP040209,/en/sale/women-sale/elme-flat/ice-blue-nappa-leather-flats-with-pearl-embellishment-ELMEFLATNAP040209.html?cgid=sale-women,,"Regular Price
 $775",
./jimmy_choo/womens-sale.html,Umika BLACK/LIGHT GOLD,UMIKANBA001463,/en/sale/women-sale/umika/black-avenue-nappa-leather-card-holder-with-jc-emblem-UMIKANBA001463.html?cgid=sale-women,,"Regular Price
 $295",
./jimmy_choo/womens-sale.html,Diamond Mini Shoulder BISCUIT/GOLD,DIAMONDMINISHLDRMHL121830,/en/sale/women-sale/diamond-mini-shoulder/biscuit-calf-leather-mini-shoulder-bag-DIAMONDMINISHLDRMHL121830.html?cgid=sale-women,,"Regular Price
 $1,350",
./jimmy_choo/womens-sale.html,Bon Bon Bracelet SILVER,BONBONBRACELETCZIAA0009,/en/sale/women-sale/bon-bon-bracelet/silver-finish-metal-bracelet-with-pearl-and-jc-charm-BONBONBRACELETCZIAA0009.html?cgid=sale-women,,"Regular Price
 $395",
./jimmy_choo/womens-sale.html,Romy 85 LIGHT CANDY PINK,ROMY85HHK112816,/en/sale/women-sale/romy-85/candy-pink-metallic-snake-printed-leather-pumps-ROMY85HHK112816.html?cgid=sale-women,,"Regular Price
 $825",
./jimmy_choo/womens-sale.html,Paxy S200 BLACK,PAXYS784012555,/en/sale/women-sale/paxy/black-cotton-baseball-cap-with-recycled-wool-jc-logo-boucle--PAXYS784012555.html?cgid=sale-women,,"Regular Price
 $495",
./jimmy_choo/womens-sale.html,Jax Platform 115 SILVER,JAXPF115OMFBAA0009,/en/sale/women-sale/jax-platform-115/silver-mirror-fabric-platform-sandals-JAXPF115OMFBAA0009.html?cgid=sale-women,,"Regular Price
 $1,125",
./jimmy_choo/womens-sale.html,Azie 85 SKY/NAVY,AZIE85PHN0C7459,/en/sale/women-sale/azie-85/sky-and-navy-patchwork-nappa-leather-sandals-AZIE85PHN0C7459.html?cgid=sale-women,,"Regular Price
 $995",
./jimmy_choo/womens-sale.html,Avenue Mini Shoulder LATTE/LIGHT GOLD,AVENUEMINISHOULDERNHO081095,/en/sale/women-sale/avenue-mini-shoulder/latte-leather-mini-shoulder-bag-with-flowers-AVENUEMINISHOULDERNHO081095.html?cgid=sale-women,,"Regular Price
 $1,850",
./jimmy_choo/womens-sale.html,Diamond Light/f V WHITE/SILVER,DIAMONDLIGHTFAWW0C8776,/en/sale/women-sale/diamond-light-f/white-nappa-low-top-trainers-with-studs-DIAMONDLIGHTFAWW0C8776.html?cgid=sale-women,,"Regular Price
 $875",
./jimmy_choo/womens-sale.html,Sacora 85 CHAMPAGNE/WHITE,SACORA85UYX0C5355,/en/sale/women-sale/sacora-85/champagne-shimmer-suede-sandals-with-pearl-embellishment-SACORA85UYX0C5355.html?cgid=sale-women,,"Regular Price
 $850",
./jimmy_choo/womens-sale.html,JC Ankle Wedge 110 AMBER ORANGE,JCANKLEWEDGE110OCCJ090795,/en/sale/women-sale/jc-ankle-wedge-110/amber-orange-croc-embossed-leather-wedge-sandals-JCANKLEWEDGE110OCCJ090795.html?cgid=sale-women,,"Regular Price
 $850",
./jimmy_choo/womens-sale.html,Amos 95 BISCUIT,AMOS95SUE120263,/en/sale/women-sale/amos-95/biscuit-suede-sandals-AMOS95SUE120263.html?cgid=sale-women,,"Regular Price
 $1,195",
./jimmy_choo/womens-sale.html,Diamond Tilda Sling Back 45 CANDY PINK,DIAMONDTILDASB45CLF110923,/en/sale/women-sale/diamond-tilda-sling-back-45/candy-pink-calf-leather-sling-back-pumps-with-diamond-chain-DIAMONDTILDASB45CLF110923.html?cgid=sale-women,,"Regular Price
 $950",
./jimmy_choo/womens-sale.html,Lyn 45 BLACK,LYN45ONPA010003,/en/sale/women-sale/lyn-45/black-nappa-leather-mules-LYN45ONPA010003.html?cgid=sale-women,,"Regular Price
 $850",
./jimmy_choo/womens-sale.html,Diamond Tilda Sling Back 45 DARK GREEN,DIAMONDTILDASB45CLF031838,/en/sale/women-sale/diamond-tilda-sling-back-45/dark-green-calf-leather-sling-back-pumps-with-diamond-chain-DIAMONDTILDASB45CLF031838.html?cgid=sale-women,,"Regular Price
 $950",
./jimmy_choo/womens-sale.html,Maryanne 100 BLACK,MARYANNE100CLF010003,/en/sale/women-sale/maryanne-100/black-calf-leather-pointed-toe-pumps-MARYANNE100CLF010003.html?cgid=sale-women,,"Regular Price
 $895",
./jimmy_choo/womens-sale.html,Nell Mule 85 TAUPE,NELLMULE85CLF020035,/en/sale/women-sale/nell-mule-85/taupe-calf-leather-mules-NELLMULE85CLF020035.html?cgid=sale-women,,"Regular Price
 $995",
./jimmy_choo/womens-sale.html,Bon Bon Bucket TAUPE/LIGHT GOLD,BONBONBUCKETHUT102085,/en/sale/women-sale/bon-bon-bucket/taupe-soft-shiny-smooth-calf-leather-bucket-bag-BONBONBUCKETHUT102085.html?cgid=sale-women,,"Regular Price
 $1,750",
./jimmy_choo/womens-sale.html,Heloise 120 CASSIS,HELOISE120VEL051600,/en/sale/women-sale/heloise-120/cassis-velvet-platform-sandals-HELOISE120VEL051600.html?cgid=sale-women,,"Regular Price
 $975",
./jimmy_choo/womens-sale.html,Holly 120 BORDEAUX,HOLLY120OVEL060002,/en/sale/women-sale/holly-120/bordeaux-velvet-sandals-HOLLY120OVEL060002.html?cgid=sale-women,,"Regular Price
 $975",
./jimmy_choo/womens-sale.html,Palma Maxi/f X WHITE/BLACK,PALMAMAXIFPHQ0C8242,/en/sale/women-sale/palma-maxi-f/white-and-black-avenue-patchwork-canvas-platform-trainers-PALMAMAXIFPHQ0C8242.html?cgid=sale-women,,"Regular Price
 $595",
./jimmy_choo/womens-sale.html,Bee 85 BALLET PINK/CRYSTAL,BEE85SIW0C5472,/en/sale/women-sale/bee-85/ballet-pink-suede-pumps-with-crystal-embellishment-BEE85SIW0C5472.html?cgid=sale-women,,"Regular Price
 $1,095",
./jimmy_choo/womens-sale.html,Saeda Sandal Block Heel 85 ICE BLUE/CRYSTAL,SAEDASANDALBH85BGH043579,/en/sale/women-sale/saeda-sandal-block-heel-85/ice-blue-satin-block-heel-sandals-with-swarovski-crystal-chain-SAEDASANDALBH85BGH043579.html?cgid=sale-women,,"Regular Price
 $1,125",
./jimmy_choo/womens-sale.html,Azara 100 BLACK/MULTI,AZARA100BGV000689,/en/sale/women-sale/azara-100/black-velvet-pumps-with-sequin-flowers-AZARA100BGV000689.html?cgid=sale-women,,"Regular Price
 $1,595",
./jimmy_choo/womens-sale.html,Hanni LATTE/LIGHT GOLD,HANNICZN081095,/en/sale/women-sale/hanni/latte-calf-leather-wallet-with-stars-HANNICZN081095.html?cgid=sale-women,,"Regular Price
 $525",
./jimmy_choo/womens-sale.html,Juul S200 BLACK,JUULH6S144890S489012555,/en/sale/women-sale/juul/black-woven-knitted-wool-poncho-JUULH6S144890S489012555.html?cgid=sale-women,,"Regular Price
 $1,050",
./jimmy_choo/womens-sale.html,Cheri Wallet/S BLACK,CHERIWALLETSOSQM010003,/en/sale/women-sale/cheri-wallet-s/black-smooth-leather-wallet-with-crystal-buckle-CHERIWALLETSOSQM010003.html?cgid=sale-women,,"Regular Price
 $595",
./jimmy_choo/womens-sale.html,Avenue M Tote BLACK/WHITE/NEUTRAL/LIGHT GOLD,AVENUEMTOTECZP1C0019,/en/sale/women-sale/avenue-m-tote/black-and-white-avenue-print-canvas-tote-bag-with-embroidered-logo-AVENUEMTOTECZP1C0019.html?cgid=sale-women,,"Regular Price
 $1,695",
./jimmy_choo/womens-sale.html,Torri BLACK/CRYSTAL,TORRIOCWK000757,/en/sale/women-sale/torri/black-knit-trainers-with-crystal-embellishment-TORRIOCWK000757.html?cgid=sale-women,,"Regular Price
 $895",
./jimmy_choo/womens-sale.html,Azia 95 HONEY GOLD,AZIA95SCXOO0012,/en/sale/women-sale/azia-95/honey-gold-suede-sandals-with-crystals-AZIA95SCXOO0012.html?cgid=sale-women,,"Regular Price
 $2,495",
./jimmy_choo/womens-sale.html,Bing 100 CITRINE,BING100FSK070035,/en/sale/women-sale/bing-100/citrine-flocked-velvet-striped-mesh-mules-with-crystals-BING100FSK070035.html?cgid=sale-women,,"Regular Price
 $1,195",
./jimmy_choo/womens-sale.html,Nari Flowers Flat BLACK,NARIFLOWERSFLATBGW010003,/en/sale/women-sale/nari-flowers-flat/black-nappa-leather-ankle-boots-with-flowers-NARIFLOWERSFLATBGW010003.html?cgid=sale-women,,"Regular Price
 $1,725",
./jimmy_choo/womens-sale.html,Blake Knee Boot 85 LATTE/BLACK,BLAKEKB85PHO0C1088,/en/sale/women-sale/blake-knee-boot-85/black-and-latte-avenue-nappa-leather-knee-high-wedge-boots-BLAKEKB85PHO0C1088.html?cgid=sale-women,,"Regular Price
 $2,475",
./jimmy_choo/womens-sale.html,Love 85 CITRINE/GOLD,LOVE85FSK0C3534,/en/sale/women-sale/love-85/citrine-and-gold-flocked-velvet-striped-mesh-pumps-LOVE85FSK0C3534.html?cgid=sale-women,,"Regular Price
 $1,025",
./jimmy_choo/womens-sale.html,Umika GOLD/LIGHT GOLD,UMIKARBA008937,/en/sale/women-sale/umika/gold-avenue-metallic-nappa-leather-card-holder-with-jc-emblem-UMIKARBA008937.html?cgid=sale-women,,"Regular Price
 $295",
./jimmy_choo/womens-sale.html,Vinca 95 GOLD/GOLD,VINCA95BDJ000769,/en/sale/women-sale/vinca-95/gold-liquid-metal-sandals-with-metal-fringe-VINCA95BDJ000769.html?cgid=sale-women,,"Regular Price
 $1,595",
./jimmy_choo/womens-sale.html,Azia 95 ICE BLUE,AZIA95SAT040209,/en/sale/women-sale/azia-95/ice-blue-satin-sandals-AZIA95SAT040209.html?cgid=sale-women,,"Regular Price
 $895",
./jimmy_choo/womens-sale.html,Callie CITRINE,CALLIEVEL070035,/en/sale/women-sale/callie-/citirine-velvet-clutch-bag-CALLIEVEL070035.html?cgid=sale-women,,"Regular Price
 $1,150",
./jimmy_choo/womens-sale.html,Diamond Tilda Sling Back 45 DENIM,DIAMONDTILDASB45AHK040037,/en/sale/women-sale/diamond-tilda-sling-back-45/denim-jc-monogram-sling-back-pumps-with-chain-embellishment-DIAMONDTILDASB45AHK040037.html?cgid=sale-women,,"Regular Price
 $950",
./jimmy_choo/womens-sale.html,Diamond Crossbody CANDY PINK/GOLD,DIAMONDCROSSBODYMHL112673,/en/sale/women-sale/diamond-crossbody/candy-pink-smooth-calf-leather-top-handle-bag-DIAMONDCROSSBODYMHL112673.html?cgid=sale-women,,"Regular Price
 $2,295",
./jimmy_choo/womens-sale.html,Bon Bon Necklace SILVER,BONBONNECKLACECZIAA0009,/en/sale/women-sale/bon-bon-necklace/silver-finish-metal-necklace-with-pearl-and-jc-charm-BONBONNECKLACECZIAA0009.html?cgid=sale-women,,"Regular Price
 $525",
./jimmy_choo/womens-sale.html,Biker II BLACK/GOLD,BIKERIIAVT000034,/en/sale/women-sale/biker-ii/black-smooth-leather-biker-boots-with-studs-BIKERIIAVT000034.html?cgid=sale-women,,"Regular Price
 $1,395",
./jimmy_choo/womens-sale.html,Micro Bon Bon SMOKY BLUE/LIGHT GOLD,MICROBONBONRIH043452,/en/sale/women-sale/micro-bon-bon-MICROBONBONRIH043452.html?cgid=sale-women,,"Regular Price
 $825",
./jimmy_choo/womens-sale.html,Elyn Flat LATTE/BLACK/BLACK,ELYNFLATLWJ081339,/en/sale/women-sale/elyn-flat/latte-linen-flat-sandals-ELYNFLATLWJ081339.html?cgid=sale-women,,"Regular Price
 $925",
./jimmy_choo/womens-sale.html,Bon Bon DARK GREEN,BONBONCHQ031838,/en/sale/women-sale/bon-bon/dark-green-satin-bucket-bag-with-velvet-bow-BONBONCHQ031838.html?cgid=sale-women,,"Regular Price
 $1,395",
./jimmy_choo/womens-sale.html,Ginnie 65 CITRON/CITRON,GINNIE65OPWP0C9847,/en/sale/women-sale/ginnie-65/citron-patent-leather-and-plexi-slingback-pumps-GINNIE65OPWP0C9847.html?cgid=sale-women,,"Regular Price
 $850",
./jimmy_choo/womens-sale.html,Jc Flat Sandal CANDYFLOSS,JCFLATSANDALOCCJ112204,/en/sale/women-sale/jc-flat-sandal/candyfloss-croc-embossed-leather-flat-sandals-JCFLATSANDALOCCJ112204.html?cgid=sale-women,,"Regular Price
 $625",
./jimmy_choo/womens-sale.html,Avenue Quad NAVY/SKY/LIGHT GOLD,AVENUEQUADCQO043601,/en/sale/women-sale/avenue-quad/navy-and-sky-avenue-nappa-leather-shoulder-bag-with-jc-emblem-AVENUEQUADCQO043601.html?cgid=sale-women,,"Regular Price
 $1,995",
./jimmy_choo/womens-sale.html,Bee 85 BLACK/CRYSTAL,BEE85SIW000757,/en/sale/women-sale/bee-85/black-suede-pumps-with-crystal-embellishment-BEE85SIW000757.html?cgid=sale-women,,"Regular Price
 $1,095",
./jimmy_choo/womens-sale.html,Avenue Pouch BLACK/LIGHT GOLD,VARENNEPOUCHNBA001463,/en/sale/women-sale/avenue-pouch/black-avenue-nappa-leather-pouch-bag-with-light-gold-jc-emblem-VARENNEPOUCHNBA001463.html?cgid=sale-women,,$795,
./jimmy_choo/womens-sale.html,Teri MAUVE MIX,TERIONUY050092,/en/sale/women-sale/teri/mauve-nappa--suede-and-glitter-low-top-trainers-TERIONUY050092.html?cgid=sale-women,,"Regular Price
 $725",
./jimmy_choo/womens-sale.html,Bon Bon Bucket SMOKY BLUE/LIGHT GOLD,BONBONBUCKETHUT043452,/en/sale/women-sale/bon-bon-bucket/smoky-blue-soft-shiny-smooth-calf-leather-bucket-bag-BONBONBUCKETHUT043452.html?cgid=sale-women,,"Regular Price
 $1,750",
./jimmy_choo/womens-sale.html,Lullaby BUTTERFLY BLUE,LULLABYOPGL043259,/en/sale/women-sale/lullaby/butterfly-blue-perforated-leather-mini-bag-LULLABYOPGL043259.html?cgid=sale-women,,"Regular Price
 $950",
./jimmy_choo/womens-sale.html,Reta S100 LATTE,RETAS774081054,/en/sale/women-sale/reta/latte-jc-monogram-printed-silk-foulard-RETAS774081054.html?cgid=sale-women,,"Regular Price
 $495",
./jimmy_choo/womens-sale.html,Avenue Soft Tote/l BLACK/DARK SILVER,AVENUESOFTTOTELBGO0C3705,/en/sale/women-sale/avenue-soft-tote-l/black-avenue-overstitched-biker-leather-soft-tote-bag-AVENUESOFTTOTELBGO0C3705.html?cgid=sale-women,,"Regular Price
 $2,395",
./jimmy_choo/womens-sale.html,Callie Shoulder BARLEY/LIGHT BROWN/LIGHT GOLD,CALLIESHOULDERDFK027325,/en/sale/women-sale/callie-shoulder/barley-shearling-shoulder-bag-with-jimmy-choo-embroidery-CALLIESHOULDERDFK027325.html?cgid=sale-women,,"Regular Price
 $1,525",
./jimmy_choo/womens-sale.html,Gal Flat FUCHSIA/GOLD,GALFLATTMQ0C3529,/en/sale/women-sale/gal-flat/fuchsia-jimmy-choo-embroidered-raffia-sandals-GALFLATTMQ0C3529.html?cgid=sale-women,,"Regular Price
 $625",
./jimmy_choo/womens-sale.html,Lise-z SILVER/SILVER,LISEZRBA001367,/en/sale/women-sale/lise-z/silver-avenue-metallic-nappa-leather-card-holder-with-jc-emblem-LISEZRBA001367.html?cgid=sale-women,,"Regular Price
 $425",
./jimmy_choo/womens-sale.html,Lise-z GOLD/LIGHT GOLD,LISEZRBA008937,/en/sale/women-sale/lise-z/gold-quilted-metallic-nappa-leather-card-holder-with-jc-emblem-LISEZRBA008937.html?cgid=sale-women,,"Regular Price
 $425",
./jimmy_choo/womens-sale.html,Avenue Slim Shoulder BLACK/LIGHT GOLD,AVENUESLIMSHOULDERBEF001463,/en/sale/women-sale/avenue-slim-shoulder-/black-avenue-sequin-shoulder-bag-AVENUESLIMSHOULDERBEF001463.html?cgid=sale-women,,"Regular Price
 $995",
./jimmy_choo/womens-sale.html,Lise-z DARK GREEN/BISCUIT/LIGHT GOLD,LISEZHQB035509,/en/sale/women-sale/lise-z/dark-green-and-biscuit-bi-colour-leather-wallet-LISEZHQB035509.html?cgid=sale-women,,"Regular Price
 $375",
./jimmy_choo/womens-sale.html,Callie Mini CANDY PINK,CALLIEMINIMEA110923,/en/sale/women-sale/callie-mini/candy-pink-metallic-nappa-leather-mini-clutch-bag-CALLIEMINIMEA110923.html?cgid=sale-women,,"Regular Price
 $995",
./jimmy_choo/womens-sale.html,Evin 65 LATTE/BLACK/BLACK,EVIN65LWJ081339,/en/sale/women-sale/evin-65/latte-linen-loafers-with-jc-hardware-EVIN65LWJ081339.html?cgid=sale-women,,"Regular Price
 $925",
./jimmy_choo/womens-sale.html,Bing 100 BLACK,BING100FSK010003,/en/sale/women-sale/bing-100/black-flocked-velvet-striped-mesh-mules-with-crystals-BING100FSK010003.html?cgid=sale-women,,"Regular Price
 $1,195",
./jimmy_choo/womens-sale.html,Avenue Mini Shoulder FUCHSIA/LIGHT GOLD,AVENUEMINISHOULDERCAU112564,/en/sale/women-sale/avenue-mini-shoulder/fuchsia-satin-mini-shoulder-bag-with-flowers-AVENUEMINISHOULDERCAU112564.html?cgid=sale-women,,"Regular Price
 $2,895",
./jimmy_choo/womens-sale.html,Holly 120 GOLD,HOLLY120OCGFOO0022,/en/sale/women-sale/holly-120/gold-coarse-glitter-fabric-sandals-HOLLY120OCGFOO0022.html?cgid=sale-women,,"Regular Price
 $995",
./jimmy_choo/womens-sale.html,Rosa/flowers Flat BLACK,ROSAFLOWERSFLATBGW010003,/en/sale/women-sale/rosa-flowers-flat/black-nappa-leather-flats-with-flowers-ROSAFLOWERSFLATBGW010003.html?cgid=sale-women,,"Regular Price
 $925",
./jimmy_choo/womens-sale.html,Callie Shoulder BLACK/SILVER,CALLIESHOULDERTLK000071,/en/sale/women-sale/callie--shoulder-/black-satin-shoulder-bag-with-crystal-fringe-CALLIESHOULDERTLK000071.html?cgid=sale-women,,"Regular Price
 $2,995",
./jimmy_choo/womens-sale.html,Bonny Clutch FUCHSIA,BONNYCLUTCHSAT110038,/en/sale/women-sale/bonny-clutch/fuchsia-satin-clutch-bag-BONNYCLUTCHSAT110038.html?cgid=sale-women,,"Regular Price
 $850",
./jimmy_choo/womens-sale.html,Avenue Quad BOYSENBERRY/LIGHT GOLD,AVENUEQUADAJN051663,/en/sale/women-sale/avenue-quad-/boysenberry-avenue-velvet-shoulder-bag-with-crystal-bar-AVENUEQUADAJN051663.html?cgid=sale-women,,"Regular Price
 $1,950",
./jimmy_choo/womens-sale.html,Avenue Quad DENIM/LIGHT GOLD,VARENNESHOULDERAJA043453,/en/sale/women-sale/avenue-quad/denim-quilted-jc-monogram-shoulder-bag-VARENNESHOULDERAJA043453.html?cgid=sale-women,,"Regular Price
 $1,895",
./jimmy_choo/womens-sale.html,Holly 120 SAND,HOLLY120OCCL120014,/en/sale/women-sale/holly-120/sand-croc-embossed-leather-platform-sandals-HOLLY120OCCL120014.html?cgid=sale-women,,"Regular Price
 $975",
./jimmy_choo/womens-sale.html,Nine2Five East-West CUOIO,NINE2FIVEEWGRC020005,/en/sale/women-sale/nine2five-east-west/cuoio-grained-calf-leather-tote-handbag-with-jc-emblem-NINE2FIVEEWGRC020005.html?cgid=sale-women,,"Regular Price
 $995",
./jimmy_choo/womens-sale.html,Bonny BLACK,BONNYSAT010003,/en/sale/women-sale/bonny/black-satin-bag-with-twisted-handle--BONNYSAT010003.html?cgid=sale-women,,"Regular Price
 $895",
./jimmy_choo/womens-sale.html,Jc Card Slot B BLACK,JCCARDSLOTOGLR013738,/en/sale/women-sale/jc-card-slot/black-light-grainy-leather-card-slot-with-jc-hardware-JCCARDSLOTOGLR013738.html?cgid=sale-women,,"Regular Price
 $215",
./jimmy_choo/womens-sale.html,Diamond Box Clutch FUCHSIA/PAPRIKA,DIAMONDBOXCLUTCHSAT061804,/en/sale/women-sale/diamond-box-clutch/fuchsia-and-paprika-satin-box-clutch-bag-DIAMONDBOXCLUTCHSAT061804.html?cgid=sale-women,,"Regular Price
 $2,595",
./jimmy_choo/womens-sale.html,Holly 120 SUNKISSED,HOLLY120OQUIOO1362,/en/sale/women-sale/holly-120/sunkissed-liquid-metal-leather-sandals-HOLLY120OQUIOO1362.html?cgid=sale-women,,"Regular Price
 $1,075",
./jimmy_choo/womens-sale.html,Marinda TAUPE/SMOKE GREEN/LIGHT GOLD,MARINDAAYO0C9981,/en/sale/women-sale/marinda/taupe-leather-wallet-MARINDAAYO0C9981.html?cgid=sale-women,,"Regular Price
 $425",
./jimmy_choo/womens-sale.html,Elme Flat PURPLE,ELMEFLATSAT050005,/en/sale/women-sale/elme-flat/purple-satin-flats-with-pearl-embellishment-ELMEFLATSAT050005.html?cgid=sale-women,,"Regular Price
 $775",
./jimmy_choo/womens-sale.html,Avenue Camera M DENIM/LIGHT GOLD,VARENNECAMERAMAJA043453,/en/sale/women-sale/avenue-camera-m/denim-quilted-jc-monogram-camera-bag-VARENNECAMERAMAJA043453.html?cgid=sale-women,,"Regular Price
 $1,095",
./jimmy_choo/womens-sale.html,Holly 120 AMBER ORANGE,HOLLY120OCCL090795,/en/sale/women-sale/holly-120/amber-orange-croc-embossed-leather-platform-sandals-HOLLY120OCCL090795.html?cgid=sale-women,,"Regular Price
 $975",
./jimmy_choo/womens-sale.html,Micro Bon Bon SMOKE GREEN,MICROBONBONMNA035396,/en/sale/women-sale/micro-bon-bon/smoke-green-metallic-nappa-mini-bag-MICROBONBONMNA035396.html?cgid=sale-women,,"Regular Price
 $850",
./jimmy_choo/womens-sale.html,Marinda BALLET PINK/CANDY PINK/LIGHT GOLD,MARINDAAYO112681,/en/sale/women-sale/marinda/ballet-pink-leather-wallet-MARINDAAYO112681.html?cgid=sale-women,,"Regular Price
 $425",
./jimmy_choo/womens-sale.html,Bing Slipper Flat BLACK/SMOKE,BINGSLIPPERFLATVYS0C2313,/en/sale/women-sale/bing-slipper-flat/black-velvet-loafers-with-crystal-embellishment-BINGSLIPPERFLATVYS0C2313.html?cgid=sale-women,,"Regular Price
 $975",
./jimmy_choo/womens-sale.html,Avenue Clutch ICE BLUE/LIGHT GOLD,AVENUECLUTCHNBA043600,/en/sale/women-sale/avenue-clutch/ice-blue-avenue-nappa-leather-clutch-bag-AVENUECLUTCHNBA043600.html?cgid=sale-women,,"Regular Price
 $1,495",
./jimmy_choo/womens-sale.html,Amita 45 PURPLE/PURPLE,AMITA45NHG051673,/en/sale/women-sale/amita-45/purple-fishnet-and-mesh-sling-back-pumps-AMITA45NHG051673.html?cgid=sale-women,,"Regular Price
 $825",
./jimmy_choo/womens-sale.html,Hanne BLACK/LIGHT GOLD,HANNENBA001463,/en/sale/women-sale/hanne/black-avenue-nappa-leather-wallet-with-light-gold-jc-emblem-HANNENBA001463.html?cgid=sale-women,,"Regular Price
 $495",
./jimmy_choo/womens-sale.html,Juno BLACK,JUNOOJCM010003,/en/sale/women-sale/juno/black-jc-logo-mesh-drawstring-bag-JUNOOJCM010003.html?cgid=sale-women,,"Regular Price
 $1,495",
./jimmy_choo/womens-sale.html,JC Soft Hobo BLACK,JCSOFTHOBOLOVIL010003,/en/sale/women-sale/jc-soft-hobo/black-vintage-leather-soft-hobo-bag-with-jc-emblem-JCSOFTHOBOLOVIL010003.html?cgid=sale-women,,"Regular Price
 $1,550",
./jimmy_choo/womens-sale.html,Teri MAGENTA MIX,TERIONUY050074,/en/sale/women-sale/teri/magenta-nappa--suede-and-glitter-low-top-trainers-TERIONUY050074.html?cgid=sale-women,,"Regular Price
 $725",
./jimmy_choo/womens-sale.html,Chri Top Handle/ S BLACK,CHRITOPHANDLESOSGL010003,/en/sale/women-sale/ch%C3%A9ri-top-handle--s/black-soft-grainy-leather-top-handle-bag-with-crystal-buckle-CH%C3%89RITOPHANDLESOSGL010003.html?cgid=sale-women,,"Regular Price
 $1,375",
./jimmy_choo/womens-sale.html,Avenue 85 CANDY PINK,AVENUE85MNA110923,/en/sale/women-sale/avenue-85/candy-pink-metallic-nappa-leather-mules-AVENUE85MNA110923.html?cgid=sale-women,,"Regular Price
 $775",
./jimmy_choo/womens-sale.html,Rayan Flat CITRON,RAYANFLATORWL072390,/en/sale/women-sale/rayan-flat/citron-rubber-and-leather-rain-boots-RAYANFLATORWL072390.html?cgid=sale-women,,"Regular Price
 $650",
./jimmy_choo/womens-sale.html,Diamond Talura 100 BLACK,DIAMONDTALURA100SOP010003,/en/sale/women-sale/diamond-talura-100/black-soft-patent-leather-pumps-with-chain--DIAMONDTALURA100SOP010003.html?cgid=sale-women,,"Regular Price
 $1,175",
./jimmy_choo/womens-sale.html,Juno/s BLACK,JUNOSOJCM010003,/en/sale/women-sale/juno-s/black-jc-logo-mesh-drawstring-bag-JUNOSOJCM010003.html?cgid=sale-women,,"Regular Price
 $1,195",
./jimmy_choo/womens-sale.html,Lyn 45 MILK,LYN45ONPA080001,/en/sale/women-sale/lyn-45/milk-nappa-leather-mules-LYN45ONPA080001.html?cgid=sale-women,,"Regular Price
 $850",
./jimmy_choo/womens-sale.html,Azara 100 BOYSENBERRY/MULTI,AZARA100BGV051653,/en/sale/women-sale/azara-100/boysenberry-velvet-pumps-with-sequin-flowers-AZARA100BGV051653.html?cgid=sale-women,,"Regular Price
 $1,595",
./jimmy_choo/womens-sale.html,Lise-z BALLET PINK/CANDY PINK/LIGHT GOLD,LISEZAYO112681,/en/sale/women-sale/lise-z/ballet-pink-leather-card-holder-LISEZAYO112681.html?cgid=sale-women,,"Regular Price
 $350",
./jimmy_choo/womens-sale.html,Avenue Quad XS SMOKY BLUE/LIGHT GOLD,VARENNESHOULDERXSRAM043452,/en/sale/women-sale/avenue-quad-xs/smoky-blue-box-leather-shoulder-bag-with-pearl-strap-VARENNESHOULDERXSRAM043452.html?cgid=sale-women,,"Regular Price
 $1,595",
./jimmy_choo/womens-sale.html,Paxy CANDY PINK,PAXYS759112597,/en/sale/women-sale/paxy/candy-pink-cotton-baseball-cap-with-shiny-jc-monogram-PAXYS759112597.html?cgid=sale-women,,"Regular Price
 $450",
./jimmy_choo/womens-sale.html,Avenue Wallet With Chain DARK GREEN/LIGHT GOLD,AVENUEWALLETCHAINAJN035262,/en/sale/women-sale/avenue-wallet-with-chain/dark-green-avenue-velvet-wallet-with-chain-AVENUEWALLETCHAINAJN035262.html?cgid=sale-women,,"Regular Price
 $995",
./jimmy_choo/womens-sale.html,Avenue Mini Shoulder BLACK/LIGHT GOLD,VARENNEMINISHLDRDAH001463,/en/sale/women-sale/avenue-mini-shoulder/black-leather-mini-shoulder-bag-with-jc-emblem-VARENNEMINISHLDRDAH001463.html?cgid=sale-women,,"Regular Price
 $1,195",
./jimmy_choo/womens-sale.html,Avenue Mini Shoulder SILVER/LIGHT GOLD,VARENNEMINISHLDRJHS0C1642,/en/sale/women-sale/avenue-mini-shoulder/silver-metallic-nappa-mini-shoulder-bag-with-jc-emblem-VARENNEMINISHLDRJHS0C1642.html?cgid=sale-women,,"Regular Price
 $1,350",
./jimmy_choo/womens-sale.html,JC Wallet With Chain LONDON BLUE/WHITE,JCWALLETCHAINOSPA043593,/en/sale/women-sale/jc-wallet-with-chain/london-blue-leather-mini-bag-with-pearls-JCWALLETCHAINOSPA043593.html?cgid=sale-women,,"Regular Price
 $950",
./jimmy_choo/womens-sale.html,Lise-Z BLACK/LIGHT GOLD,LISEZNBA001463,/en/sale/women-sale/lise-z/black-quilted-nappa-leather-card-holder-with-jc-emblem-LISEZNBA001463.html?cgid=sale-women,,"Regular Price
 $395",
./jimmy_choo/womens-sale.html,Abel GOLD,ABELOMFBOO0022,/en/sale/women-sale/abel/gold-mirror-fabric-pointed-toe-pumps-ABELOMFBOO0022.html?cgid=sale-women,,"Regular Price
 $825",
./jimmy_choo/womens-sale.html,Avenue Soft Clutch BLACK/DARK SILVER,AVENUESOFTCLUTCHBGO0C3705,/en/sale/women-sale/avenue-soft-clutch/black-avenue-overstitched-biker-leather-soft-clutch-bag-AVENUESOFTCLUTCHBGO0C3705.html?cgid=sale-women,,"Regular Price
 $1,250",
./jimmy_choo/womens-sale.html,Cheri Shoulder POWDER PINK,CHERISHOULDEROSGL112174,/en/sale/women-sale/cheri-shoulder/powder-pink-leather-shoulder-bag-with-crystal-buckle-CHERISHOULDEROSGL112174.html?cgid=sale-women,,"Regular Price
 $1,495",
./jimmy_choo/womens-sale.html,JC Soft Hobo TAN,JCSOFTHOBOLOSUE025603,/en/sale/women-sale/jc-soft-hobo/tan-suede-soft-hobo-bag-with-jc-emblem-JCSOFTHOBOLOSUE025603.html?cgid=sale-women,,"Regular Price
 $1,550",
./jimmy_choo/womens-sale.html,Diamond Soft Hobo/S SMOKY BLUE/GOLD,DIAMONDSOFTHOBOSAQK043500,/en/sale/women-sale/diamond-soft-hobo-s/smoky-blue-soft-calf-leather-hobo-bag-with-chain-strap-DIAMONDSOFTHOBOSAQK043500.html?cgid=sale-women,,"Regular Price
 $1,695",
./jimmy_choo/womens-sale.html,Candy BLACK/LIGHT GOLD,CANDYTBW001463,/en/sale/women-sale/candy/black-acrylic-clutch-bag-with-studs-CANDYTBW001463.html?cgid=sale-women,,"Regular Price
 $1,095",
./jimmy_choo/womens-sale.html,Teri WHITE/SILVER/NEON PINK,TERIONGL0C9831,/en/sale/women-sale/teri/white--silver-and-neon-pink-nappa-leather-low-top-trainers-with-glitter-TERIONGL0C9831.html?cgid=sale-women,,"Regular Price
 $725",
./jimmy_choo/womens-sale.html,Avenue 85 BLACK,AVENUE85VEL010003,/en/sale/women-sale/avenue-85/black-velvet-mules-AVENUE85VEL010003.html?cgid=sale-women,,"Regular Price
 $750",
./jimmy_choo/womens-sale.html,JC Satchel/M TAN,JCSATCHELMOSUE025603,/en/sale/women-sale/jc-satchel-m/tan-suede-satchel-bag-JCSATCHELMOSUE025603.html?cgid=sale-women,,"Regular Price
 $1,450",
./jimmy_choo/womens-sale.html,Diamond Top Handle BISCUIT/GOLD,DIAMONDTOPHANDLEMHL121830,/en/sale/women-sale/diamond-top-handle/biscuit-smooth-calf-leather-top-handle-bag-DIAMONDTOPHANDLEMHL121830.html?cgid=sale-women,,"Regular Price
 $2,295",
./jimmy_choo/womens-sale.html,JC Satchel/M BLACK,JCSATCHELMOCCL010003,/en/sale/women-sale/jc-satchel-m/black-croc-embossed-leather-satchel-bag-JCSATCHELMOCCL010003.html?cgid=sale-women,,"Regular Price
 $1,550",
./jimmy_choo/womens-sale.html,Deanna 30 BLACK/GOLD,DEANNA30AYH000034,/en/sale/women-sale/deanna-30/black-leather-loafers-with-studs-DEANNA30AYH000034.html?cgid=sale-women,,"Regular Price
 $1,050",
./jimmy_choo/womens-sale.html,Love Flat IVORY/SILVER,LOVEFLATTFG0C3537,/en/sale/women-sale/love-flat/metallic-silver-glitter-fabric-flats-with-ivory-tulle-overlay-LOVEFLATTFG0C3537.html?cgid=sale-women,,"Regular Price
 $825",
./jimmy_choo/womens-sale.html,Diamond Light/F V BLACK,DIAMONDLIGHTFNAP013727,/en/sale/women-sale/diamond-light-f/black-nappa-leather-low-top-trainers-DIAMONDLIGHTFNAP013727.html?cgid=sale-women,,"Regular Price
 $650",
./jimmy_choo/womens-sale.html,Kosma S200 BLACK/BLACK,KOSMAB050013776,/en/sale/women-sale/kosma/black-jc-monogram-recycled-nylon-and-lycra-swimsuit-KOSMAB050013776.html?cgid=sale-women,,"Regular Price
 $595",
./jimmy_choo/womens-sale.html,Mini Marcheline PEONY,MINIMARCHELINEOMNL112698,/en/sale/women-sale/mini-marcheline/peony-metallic-nappa-leather-mini-bag-MINIMARCHELINEOMNL112698.html?cgid=sale-women,,"Regular Price
 $725",
./jimmy_choo/womens-sale.html,Marinda DARK GREEN/BISCUIT/LIGHT GOLD,MARINDAHQB035509,/en/sale/women-sale/marinda/dark-green-and-biscuit-bi-colour-leather-wallet-MARINDAHQB035509.html?cgid=sale-women,,"Regular Price
 $450",
./jimmy_choo/womens-sale.html,Bon Bon ICE BLUE,BONBONVKM040209,/en/sale/women-sale/bon-bon/ice-blue-satin-bag-with-swarovski-crystal-handle-BONBONVKM040209.html?cgid=sale-women,,"Regular Price
 $2,150",
./jimmy_choo/womens-sale.html,Saeda Sandal 100 CASSIS/CRYSTAL,SAEDASANDAL100ZOD051617,/en/sale/women-sale/saeda-sandal-100/cassis-velvet-sandals-with-crystal-embellishment-SAEDASANDAL100ZOD051617.html?cgid=sale-women,,"Regular Price
 $1,125",
./jimmy_choo/womens-sale.html,Diamond Tilda Loafer DARK GREEN,DIAMONDTILDALOAFERCLF031838,/en/sale/women-sale/diamond-tilda-loafer/dark-green-calf-leather-loafers-with-diamond-chain-DIAMONDTILDALOAFERCLF031838.html?cgid=sale-women,,"Regular Price
 $850",
./jimmy_choo/womens-sale.html,Ginnie 65 BLACK/CLEAR,GINNIE65OPLP0C3868,/en/sale/women-sale/ginnie-65/black-patent-leather-and-plexi-slingback-pumps-GINNIE65OPLP0C3868.html?cgid=sale-women,,"Regular Price
 $850",
./jimmy_choo/womens-sale.html,Diamond Clasp Belt DARK GREEN/GOLD,DIAMONDCLASPBELTTBN0C7784,/en/sale/women-sale/diamond-clasp-belt/dark-green-calf-leather-clasp-belt-DIAMONDCLASPBELTTBN0C7784.html?cgid=sale-women,,"Regular Price
 $395",
./jimmy_choo/womens-sale.html,Gal Wedge 130 FUCHSIA/GOLD,GALWEDGE130TMQ0C3529,/en/sale/women-sale/gal-wedge-130/fuchsia-jimmy-choo-embroidered-raffia-wedge-sandals-GALWEDGE130TMQ0C3529.html?cgid=sale-women,,"Regular Price
 $750",
./jimmy_choo/womens-sale.html,Romy 85 BLACK,ROMY85BMF010003,/en/sale/women-sale/romy-85/black-nappa-leather-pumps-with-jimmy-choo-bow-ROMY85BMF010003.html?cgid=sale-women,,"Regular Price
 $895",
./jimmy_choo/womens-sale.html,Nell Knee Boot Flat TAUPE,NELLKBFLATSUE020035,/en/sale/women-sale/nell-knee-boot-flat/taupe-suede-knee-high-boots-with-chain-NELLKBFLATSUE020035.html?cgid=sale-women,,"Regular Price
 $1,695",
./jimmy_choo/womens-sale.html,Chri Top Handle/ S BLACK,CHRITOPHANDLEMOLPF010003,/en/sale/women-sale/ch%C3%A9ri-top-handle--s/black-lizard-printed-fabric-top-handle-bag-with-crystal-buckle-CH%C3%89RITOPHANDLEMOLPF010003.html?cgid=sale-women,,"Regular Price
 $1,650",
./jimmy_choo/womens-sale.html,Blake Knee Boot 85 CASSIS,BLAKEKB85VEL051600,/en/sale/women-sale/blake-knee-boot-85/cassis-velvet-knee-high-boots-BLAKEKB85VEL051600.html?cgid=sale-women,,"Regular Price
 $1,695",
./jimmy_choo/womens-sale.html,Saeda Sandal Block Heel 85 CITRINE/CRYSTAL,SAEDASANDALBH85ZOD035453,/en/sale/women-sale/saeda-sandal-block-heel-85/citrine-velvet-sandals-with-crystal-chain-SAEDASANDALBH85ZOD035453.html?cgid=sale-women,,"Regular Price
 $1,125",
./jimmy_choo/womens-sale.html,Hanne GOLD/LIGHT GOLD,HANNERBA008937,/en/sale/women-sale/hanne/gold-avenue-metallic-nappa-leather-wallet-with-light-gold-jc-emblem-HANNERBA008937.html?cgid=sale-women,,"Regular Price
 $495",
./jimmy_choo/womens-sale.html,Lise-z TAUPE/SMOKE GREEN/LIGHT GOLD,LISEZAYO0C9981,/en/sale/women-sale/lise-z/taupe-and-smoke-green-leather-card-holder-LISEZAYO0C9981.html?cgid=sale-women,,"Regular Price
 $375",
./jimmy_choo/womens-sale.html,Mini North-south Tote CANDY PINK/GOLD,MININSTOTEBZU112673,/en/sale/women-sale/mini-north-south-tote/candy-pink-diamond-embossed-3d-leather-mini-tote-bag-MININSTOTEBZU112673.html?cgid=sale-women,,"Regular Price
 $1,195",
./jimmy_choo/womens-sale.html,Diamond Box Clutch BLACK,DIAMONDBOXCLUTCHSAT010003,/en/sale/women-sale/diamond-box-clutch/black-satin-box-clutch-bag-DIAMONDBOXCLUTCHSAT010003.html?cgid=sale-women,,"Regular Price
 $2,595",
./jimmy_choo/womens-sale.html,Diamond Crossbody GOLD/GOLD,DIAMONDCROSSBODYAUE000769,/en/sale/women-sale/diamond-crossbody/gold-metallic-nappa-leather-crossbody-bag-DIAMONDCROSSBODYAUE000769.html?cgid=sale-women,,"Regular Price
 $2,895",
./jimmy_choo/womens-sale.html,Holly 120 MILK,HOLLY120OKID080001,/en/sale/women-sale/holly-120/milk-kid-leather-platform-sandals-HOLLY120OKID080001.html?cgid=sale-women,,"Regular Price
 $950",
./jimmy_choo/womens-sale.html,Avenue Clutch BLACK/LIGHT GOLD,AVENUECLUTCHBEF001463,/en/sale/women-sale/avenue-clutch/black-avenue-sequin-clutch-bag-with-crystal-bar-AVENUECLUTCHBEF001463.html?cgid=sale-women,,"Regular Price
 $1,595",
./jimmy_choo/womens-sale.html,Saeda Sandal 100 CASSIS/CASSIS,SAEDASANDAL100BON051602,/en/sale/women-sale/saeda-sandal-100/cassis-satin-sandals-with-crystal-embellishment-SAEDASANDAL100BON051602.html?cgid=sale-women,,"Regular Price
 $1,995",
./jimmy_choo/womens-sale.html,JC Soft Hobo/S BLACK,JCSOFTHOBOSOVIL010003,/en/sale/women-sale/jc-soft-hobo-s/black-vintage-leather-soft-hobo-bag-with-jc-emblem-JCSOFTHOBOSOVIL010003.html?cgid=sale-women,,"Regular Price
 $1,250",
./jimmy_choo/womens-sale.html,Emani SMOKEY BLUE,EMANIH6S077280S728043506,/en/sale/women-sale/emani/smokey-blue-silk-and-wool-jacquard-shawl--EMANIH6S077280S728043506.html?cgid=sale-women,,"Regular Price
 $650",
./jimmy_choo/womens-sale.html,Holly 120 BLACK,HOLLY120OVEL010003,/en/sale/women-sale/holly-120/black-velvet-sandals--HOLLY120OVEL010003.html?cgid=sale-women,,"Regular Price
 $975",
./jimmy_choo/womens-sale.html,JC Necklace GOLD,JCNECKLACELMFQOO0022,/en/sale/women-sale/jc-necklace/gold-finish-metal-jc-necklace-JCNECKLACELMFQOO0022.html?cgid=sale-women,,"Regular Price
 $2,195",
./jimmy_choo/womens-sale.html,JC Square Avenue Envelope GOLD/LIGHT GOLD,JCSQUAREENVELOPERBA008937,/en/sale/women-sale/jc-square-avenue-envelope/gold-avenue-metallic-nappa-leather-pouch-JCSQUAREENVELOPERBA008937.html?cgid=sale-women,,"Regular Price
 $775",
./jimmy_choo/womens-sale.html,Hanne SILVER/SILVER,HANNERBA001367,/en/sale/women-sale/hanne/silver-avenue-metallic-nappa-wallet-HANNERBA001367.html?cgid=sale-women,,"Regular Price
 $495",
./jimmy_choo/womens-sale.html,JC Tote LONDON BLUE,JCTOTEOSQM040738,/en/sale/women-sale/jc-tote/london-blue-leather-tote-bag-JCTOTEOSQM040738.html?cgid=sale-women,,"Regular Price
 $1,295",
./jimmy_choo/womens-sale.html,Avenue 85 DARK GREEN,AVENUE85VEL031838,/en/sale/women-sale/avenue-85/dark-green-velvet-mules-AVENUE85VEL031838.html?cgid=sale-women,,"Regular Price
 $750",
./jimmy_choo/womens-sale.html,Diamond Mini Shoulder DARK GREEN/GOLD,DIAMONDMINISHLDRIFV0C7784,/en/sale/women-sale/diamond-mini-shoulder/dark-green-satin-mini-shoulder-bag-DIAMONDMINISHLDRIFV0C7784.html?cgid=sale-women,,"Regular Price
 $1,495",
./jimmy_choo/womens-sale.html,Paxy S100 LATTE,PAXYS784081054,/en/sale/women-sale/paxy/latte-cotton-baseball-cap-with-recycled-wool-jc-logo-boucle--PAXYS784081054.html?cgid=sale-women,,"Regular Price
 $495",
./jimmy_choo/womens-sale.html,Cheri Shoulder RASPBERRY,CHERISHOULDEROVEL060004,/en/sale/women-sale/cheri-shoulder/raspberry-velvet-shoulder-bag-with-crystal-buckle-CHERISHOULDEROVEL060004.html?cgid=sale-women,,"Regular Price
 $1,495",
./jimmy_choo/womens-sale.html,Juno/s MAGENTA,JUNOSOJCM112091,/en/sale/women-sale/juno-s/magenta-jc-logo-mesh-drawstring-bag-JUNOSOJCM112091.html?cgid=sale-women,,"Regular Price
 $1,195",
./jimmy_choo/womens-sale.html,Reta DENIM,RETAS779043507,/en/sale/women-sale/reta/denim-jc-monogram-printed-silk-foulard-RETAS779043507.html?cgid=sale-women,,"Regular Price
 $450",
./jimmy_choo/womens-sale.html,Diamond Crossbody CASSIS/ANTIQUE SILVER,DIAMONDCROSSBODYEQK043528,/en/sale/women-sale/diamond-crossbody/cassis-satin-and-snake-crossbody-bag-DIAMONDCROSSBODYEQK043528.html?cgid=sale-women,,"Regular Price
 $3,095",
./jimmy_choo/womens-sale.html,Avenue Tote Bag BLACK/BLACK/BLACK/LIGHT GOLD,AVENUETOTEBAGDHA013881,/en/sale/women-sale/avenue-tote-bag/black-suede-and-shearling-tote-bag-with-jimmy-choo-embroidery-AVENUETOTEBAGDHA013881.html?cgid=sale-women,,"Regular Price
 $2,495",
./jimmy_choo/womens-sale.html,Avenue Mini Shoulder SUNFLOWER/LIGHT GOLD,VARENNEMINISHLDRATU072516,/en/sale/women-sale/avenue-mini-shoulder/sunflower-satin-mini-shoulder-bag-with-crystal-fringe-VARENNEMINISHLDRATU072516.html?cgid=sale-women,,"Regular Price
 $2,395",
./jimmy_choo/womens-sale.html,Cheri Shoulder Tote MILK/BLUE CRYSTAL,CHERISHOULDERTOTEOSGL0C9821,/en/sale/women-sale/cheri-shoulder-tote/milk-soft-grainy-leather-shoulder-tote-bag-with-crystal-buckle-CHERISHOULDERTOTEOSGL0C9821.html?cgid=sale-women,,"Regular Price
 $1,495",
./jimmy_choo/womens-sale.html,Avenue Wallet/chain NAVY/SKY/LIGHT GOLD,AVENUEWALLETCHAINCQO043601,/en/sale/women-sale/avenue-wallet-chain/navy-and-sky-avenue-nappa-leather-wallet-with-chain-AVENUEWALLETCHAINCQO043601.html?cgid=sale-women,,"Regular Price
 $1,195",
./jimmy_choo/womens-sale.html,JC Square Avenue Envelope BLACK/LIGHT GOLD,JCSQUAREENVELOPENBA001463,/en/sale/women-sale/jc-square-avenue-envelope/black-avenue-nappa-leather-pouch-JCSQUAREENVELOPENBA001463.html?cgid=sale-women,,"Regular Price
 $750",
./jimmy_choo/womens-sale.html,Clemmie BLACK,CLEMMIEAEO010003,/en/sale/women-sale/clemmie/black-suede-clutch-bag-with-crystals--CLEMMIEAEO010003.html?cgid=sale-women,,"Regular Price
 $3,495",
./jimmy_choo/womens-sale.html,Mini North-south Tote GOLD/CARAMEL/ECRU/LIGHT GOLD,MININSTOTEDGKOO1441,/en/sale/women-sale/mini-north-south-tote/gold-metallic-nappa-and-shearling-mini-n-s-tote-bag-with-jimmy-choo-embroidery-MININSTOTEDGKOO1441.html?cgid=sale-women,,"Regular Price
 $1,495",
./jimmy_choo/womens-sale.html,Blake Knee Boot 85 BLACK MIX,BLAKEKB85AEO010045,/en/sale/women-sale/blake-knee-boot-85/black-suede-wedge-knee-high-boots-with-honeybomb-crystals-BLAKEKB85AEO010045.html?cgid=sale-women,,"Regular Price
 $10,000",
./jimmy_choo/womens-sale.html,Clemmie CASSIS,CLEMMIEDDY051600,/en/sale/women-sale/clemmie/cassis-satin-clutch-bag-with-chain-fringe-CLEMMIEDDY051600.html?cgid=sale-women,,"Regular Price
 $4,695",
./jimmy_choo/womens-sale.html,Avenue Tote Bag GOLD/CARAMEL/ECRU/LIGHT GOLD,AVENUETOTEBAGDGKOO1441,/en/sale/women-sale/avenue-tote-bag/gold-metallic-nappa-and-shearling-tote-bag-with-jimmy-choo-embroidery-AVENUETOTEBAGDGKOO1441.html?cgid=sale-women,,"Regular Price
 $2,595",
./jimmy_choo/womens-sale.html,Clarice 45 BLACK/BLACK,CLARICE45SQM000074,/en/sale/women-sale/clarice-45/black-smooth-leather-ankle-boots--CLARICE45SQM000074.html?cgid=sale-women,,"$1,095",
./jimmy_choo/womens-sale.html,Misty 120 CITRON,MISTY120OSAT072390,/en/sale/women-sale/misty-120/citron-satin-sandals-MISTY120OSAT072390.html?cgid=sale-women,,"Regular Price
 $950",
./jimmy_choo/womens-sale.html,Beach Bracelet Set NATURAL/FUCHSIA,BEACHBRACELETSETBXJ121752,/en/sale/women-sale/beach-bracelet-set/natural-and-fuchsia-woven-fabric-bracelet-set-BEACHBRACELETSETBXJ121752.html?cgid=sale-women,,$385,
./jimmy_choo/womens-sale.html,Avenue Tote Bag KHAKI BROWN/NATURAL/ECRU/LIGHT GOLD,AVENUETOTEBAGDHA027341,/en/sale/women-sale/avenue-tote-bag/khaki-brown-suede-and-shearling-tote-bag-with-jimmy-choo-embroidery-AVENUETOTEBAGDHA027341.html?cgid=sale-women,,"Regular Price
 $2,495",
./jimmy_choo/womens-sale.html,Blake Knee Boot 85 BLACK,BAKUKB85CLF010003,/en/sale/women-sale/blake-knee-boot-85/black-calf-leather-wedge-knee-high-boots--BAKUKB85CLF010003.html?cgid=sale-women,,"Regular Price
 $1,695",
./jimmy_choo/womens-sale.html,Jax Platform 115 RASPBERRY,JAXPF115OVEL060004,/en/sale/women-sale/jax-platform-115/raspberry-velvet-platform-sandals-JAXPF115OVEL060004.html?cgid=sale-women,,"Regular Price
 $1,125",
./jimmy_choo/womens-sale.html,Tempting Rose 125ml,TEMPTINGROSE125MLFLGG121645,/en/sale/women-sale/tempting-rose-125ml/tempting-rose-eau-de-parfum-TEMPTINGROSE125MLFLGG121645.html?cgid=sale-women,,N/a,
./jimmy_choo/womens-sale.html,Mini North-south Tote DENIM/NAVY/WHITE/SILVER,MININSTOTELYF1C0145,/en/sale/women-sale/mini-north-south-tote/washed-denim-mini-tote-bag-MININSTOTELYF1C0145.html?cgid=sale-women,,"Regular Price
 $925",
./jimmy_choo/womens-sale.html,Nemo LATTE/LIGHT GOLD,NEMOCZN081095,/en/sale/women-sale/nemo/latte-calf-leather-wallet-with-metal-and-crystal-stars-NEMOCZN081095.html?cgid=sale-women,,"Regular Price
 $450",
./jimmy_choo/womens-sale.html,Callie Shoulder SUNFLOWER/CASSIS,CALLIESHOULDERCZY043527,/en/sale/women-sale/callie-shoulder/sunflower-satin-shoulder-bag-with-crystal-fringe-CALLIESHOULDERCZY043527.html?cgid=sale-women,,"Regular Price
 $5,500",
./jimmy_choo/womens-sale.html,Soft Hobo SAND,SOFTHOBOOCCL120014,/en/sale/women-sale/soft-hobo/sand-croc-embossed-leather-soft-hobo-bag-SOFTHOBOOCCL120014.html?cgid=sale-women,,"Regular Price
 $1,650",
./jimmy_choo/womens-sale.html,Teri WHITE/SILVER/NEON CITRON,TERIONGL0C9832,/en/sale/women-sale/teri/white--silver-and-neon-citron-nappa-leather-low-top-trainers-with-glitter-TERIONGL0C9832.html?cgid=sale-women,,"Regular Price
 $725",
./jimmy_choo/womens-sale.html,Psyche Ankle Boot 110 BLACK/WHITE,PSYCHEAB110AVH000050,/en/sale/women-sale/psyche-ankle-boot-110/black-stretch-mesh-boots-with-pearls-PSYCHEAB110AVH000050.html?cgid=sale-women,,"Regular Price
 $1,595",
./jimmy_choo/womens-sale.html,Chari Tophandle/ M NATURAL/MAGENTA,CHRITOPHANDLEMORLC0C9819,/en/sale/women-sale/chari-tophandle--m/magenta-raffia-and-leather-top-handle-bag-with-crystal-buckle-CH%C3%83RITOPHANDLEMORLC0C9819.html?cgid=sale-women,,"Regular Price
 $1,750",
./jimmy_choo/womens-sale.html,Diamond Crossbody BLACK/SILVER/ANTIQUE SLVER,DIAMONDCROSSBODYEQT013849,/en/sale/women-sale/diamond-crossbody/black-satin-crossbody-bag-with-beaded-tartan-DIAMONDCROSSBODYEQT013849.html?cgid=sale-women,,"Regular Price
 $4,795",
./jimmy_choo/womens-sale.html,Diamond Crossbody BLACK/SILVER/ANTIQUE SLVER,DIAMONDCROSSBODYJHF013849,/en/sale/women-sale/diamond-crossbody/black-crystal-hotfix-crossbody-bag-DIAMONDCROSSBODYJHF013849.html?cgid=sale-women,,"Regular Price
 $3,795",
./jimmy_choo/womens-sale.html,Diamond Box Clutch CASSIS/ANTIQUE SILVER,DIAMONDBOXCLUTCHSAT043528,/en/sale/women-sale/diamond-box-clutch/cassis-satin-box-clutch-bag-DIAMONDBOXCLUTCHSAT043528.html?cgid=sale-women,,"Regular Price
 $2,595",
./jimmy_choo/womens-sale.html,Leni Flat LONDON BLUE/LONDON BLUE,LENIFLATONPT043594,/en/sale/women-sale/leni-flat/london-blue-nappa-and-patent-flats-LENIFLATONPT043594.html?cgid=sale-women,,"Regular Price
 $725",
./jimmy_choo/womens-sale.html,Talika Sandal MAUVE,TALIKASANDALOJGF050213,/en/sale/women-sale/talika-sandal/mayve-jewel-glitter-fabric-pumps-with-crystal-chain-TALIKASANDALOJGF050213.html?cgid=sale-women,,"Regular Price
 $1,275",
./jimmy_choo/womens-sale.html,Jax Platform 115 CAMEL,JAXPF115OSUE026034,/en/sale/women-sale/jax-platform-115/camel-suede-platform-sandals-JAXPF115OSUE026034.html?cgid=sale-women,,"Regular Price
 $1,050",
./jimmy_choo/womens-sale.html,Nino ICE BLUE/LIGHT GOLD,NINOCZN043600,/en/sale/women-sale/nino/ice-blue-calf-leather-wallet-with-metal-and-crystal-stars-NINOCZN043600.html?cgid=sale-women,,"Regular Price
 $750",
./jimmy_choo/womens-sale.html,Hya 45 LONDON BLUE,HYA45OFJP040738,/en/sale/women-sale/hya-45/london-blue-nappa-leather-pumps-with-pearl-studs-HYA45OFJP040738.html?cgid=sale-women,,"Regular Price
 $925",
./jimmy_choo/womens-sale.html,Lyn 45 CHAMPAGNE,LYN45OMNA120011,/en/sale/women-sale/lyn-45/champagne-metallic-nappa-leather-mules-LYN45OMNA120011.html?cgid=sale-women,,"Regular Price
 $875",
./jimmy_choo/womens-sale.html,Verona SILVER,VERONAJCKXQAA0009,/en/sale/women-sale/verona/silver-lurex-knit-trainers-with-jc-emblem-VERONAJCKXQAA0009.html?cgid=sale-women,,"Regular Price
 $695",
./jimmy_choo/womens-sale.html,Leilah 85 MILK,LEILAH85ONPA080001,/en/sale/women-sale/leilah-85/milk-nappa-leather-mules-LEILAH85ONPA080001.html?cgid=sale-women,,"Regular Price
 $925",
./jimmy_choo/womens-sale.html,Hya 45 GOLD,HYA45OXDEOO0022,/en/sale/women-sale/hya-45/gold-metallic-nappa-pumps-with-pearl-studs-HYA45OXDEOO0022.html?cgid=sale-women,,"Regular Price
 $950",
./jimmy_choo/womens-sale.html,Kai/f WHITE/AMBER ORANGE,KAIFOLJC0C9829,/en/sale/women-sale/kai-f/white-and-amber-orange-leather-low-top-trainers-with-printed-logo-KAIFOLJC0C9829.html?cgid=sale-women,,"Regular Price
 $750",
./jimmy_choo/womens-sale.html,Veda Ballerina LATTE,VEDABALLERINABMF080258,/en/sale/women-sale/veda-ballerina/latte-nappa-leather-flat-ballerina-pumps-with-jimmy-choo-bow-VEDABALLERINABMF080258.html?cgid=sale-women,,"Regular Price
 $775",
./jimmy_choo/womens-sale.html,JC Belt AMBER ORANGE,JCBELTOCCL090795,/en/sale/women-sale/jc-belt/amber-orange-croc-embossed-leather-belt-with-jc-hardware-JCBELTOCCL090795.html?cgid=sale-women,,"Regular Price
 $450",
./jimmy_choo/womens-sale.html,Leni Sandal Platform 120 BLACK,LENISANDALPF120OPAT010003,/en/sale/women-sale/leni-sandal-platform-120/black-patent-leather-platform-sandals-LENISANDALPF120OPAT010003.html?cgid=sale-women,,"Regular Price
 $1,175",
./jimmy_choo/womens-sale.html,Emsy 85 PLATINUM ICE,EMSY85DGZAA0582,/en/sale/women-sale/emsy-85/platinum-ice-dusty-glitter-sandals--EMSY85DGZAA0582.html?cgid=sale-women,,"Regular Price
 $795",
./jimmy_choo/womens-sale.html,Emsy 85 CHAMPAGNE,EMSY85CGF120011,/en/sale/women-sale/emsy-85/champagne-coarse-glitter-fabric-sandals-with-crossover-straps-EMSY85CGF120011.html?cgid=sale-women,,"Regular Price
 $795",
./jimmy_choo/mens-shoes.html,"Cece Mid II 60
    
    RATTAN MIX",CECEMIDII60CEW102142,/en/women/shoes/cece-mid-ii-60/rattan-suede-boots-CECEMIDII60CEW102142.html,"https://media.jimmychoo.com/image/upload/c_fit,dpr_2.0,f_auto,h_300,q_auto:best,w_300/USPROD_PRODUCT/images/original/CECEMIDII60CEW_102142_SIDE_vg388.jpg","$2,050
        
    
    
    Regular Price",
./jimmy_choo/mens-shoes.html,"Avenue 50
    
    LATTE",AVENUE50NAP080258,/en/women/shoes/avenue-50/latte-nappa-leather-mules--AVENUE50NAP080258.html,"https://media.jimmychoo.com/image/upload/c_fit,dpr_2.0,f_auto,h_300,q_auto:best,w_300/USPROD_PRODUCT/images/original/AVENUE50NAP_080258_SIDE_vg333.jpg","$795
        
    
    
    Regular Price",
./jimmy_choo/mens-shoes.html,"Aurelie 65
    
    LATTE/WHITE",AURELIE65XKM081087,/en/women/shoes/aurelie-65/latte-patent-leather-pointed-pumps-with-pearl-embellishment--AURELIE65XKM081087.html,"https://media.jimmychoo.com/image/upload/c_fit,dpr_2.0,f_auto,h_300,q_auto:best,w_300/USPROD_PRODUCT/images/original/AURELIE65XKM_081087_SIDE_vg333.jpg","$995
        
    
    
    Regular Price",
./jimmy_choo/mens-shoes.html,"Saeda 100
    
    IVORY/CRYSTAL",SAEDA100BBD000784,/en/women/shoes/saeda-100/ivory-satin-pumps-with-crystal-embellishment--SAEDA100BBD000784.html,"https://media.jimmychoo.com/image/upload/c_fit,dpr_2.0,f_auto,h_300,q_auto:best,w_300/USPROD_PRODUCT/images/original/SAEDA100BBD_000784_SIDE_vg290.jpg","$1,125
        
    
    
    Regular Price",
./jimmy_choo/mens-shoes.html,"Bon Bon
    
    IVORY/CRYSTAL",BONBONVKM000784,/en/women/handbags/bon-bon/ivory-satin-bag-with-crystal-handle-BONBONVKM000784.html,"https://media.jimmychoo.com/image/upload/c_fit,dpr_2.0,f_auto,h_300,q_auto:best,w_300/USPROD_PRODUCT/images/original/BONBONVKM_000784_FRONT_vg340.jpg","$2,150
        
    
    
    Regular Price",
./jimmy_choo/mens-shoes.html,"Cece Mid II 60
    
    RATTAN MIX",CECEMIDII60CEW102142,/en/women/shoes/cece-mid-ii-60/rattan-suede-boots-CECEMIDII60CEW102142.html,"https://media.jimmychoo.com/image/upload/c_fit,dpr_2.0,f_auto,h_300,q_auto:best,w_300/USPROD_PRODUCT/images/original/CECEMIDII60CEW_102142_SIDE_vg388.jpg","$2,050
        
    
    
    Regular Price",
./jimmy_choo/mens-shoes.html,"Avenue 50
    
    LATTE",AVENUE50NAP080258,/en/women/shoes/avenue-50/latte-nappa-leather-mules--AVENUE50NAP080258.html,"https://media.jimmychoo.com/image/upload/c_fit,dpr_2.0,f_auto,h_300,q_auto:best,w_300/USPROD_PRODUCT/images/original/AVENUE50NAP_080258_SIDE_vg333.jpg","$795
        
    
    
    Regular Price",
./jimmy_choo/mens-shoes.html,"Aurelie 65
    
    LATTE/WHITE",AURELIE65XKM081087,/en/women/shoes/aurelie-65/latte-patent-leather-pointed-pumps-with-pearl-embellishment--AURELIE65XKM081087.html,"https://media.jimmychoo.com/image/upload/c_fit,dpr_2.0,f_auto,h_300,q_auto:best,w_300/USPROD_PRODUCT/images/original/AURELIE65XKM_081087_SIDE_vg333.jpg","$995
        
    
    
    Regular Price",
./jimmy_choo/mens-shoes.html,"Saeda 100
    
    IVORY/CRYSTAL",SAEDA100BBD000784,/en/women/shoes/saeda-100/ivory-satin-pumps-with-crystal-embellishment--SAEDA100BBD000784.html,"https://media.jimmychoo.com/image/upload/c_fit,dpr_2.0,f_auto,h_300,q_auto:best,w_300/USPROD_PRODUCT/images/original/SAEDA100BBD_000784_SIDE_vg290.jpg","$1,125
        
    
    
    Regular Price",
./jimmy_choo/mens-shoes.html,"Bon Bon
    
    IVORY/CRYSTAL",BONBONVKM000784,/en/women/handbags/bon-bon/ivory-satin-bag-with-crystal-handle-BONBONVKM000784.html,"https://media.jimmychoo.com/image/upload/c_fit,dpr_2.0,f_auto,h_300,q_auto:best,w_300/USPROD_PRODUCT/images/original/BONBONVKM_000784_FRONT_vg340.jpg","$2,150
        
    
    
    Regular Price",
./jimmy_choo/mens-shoes.html,"Cece Mid II 60
    
    RATTAN MIX",CECEMIDII60CEW102142,/en/women/shoes/cece-mid-ii-60/rattan-suede-boots-CECEMIDII60CEW102142.html,"https://media.jimmychoo.com/image/upload/c_fit,dpr_2.0,f_auto,h_300,q_auto:best,w_300/USPROD_PRODUCT/images/original/CECEMIDII60CEW_102142_SIDE_vg388.jpg","$2,050
        
    
    
    Regular Price",
./jimmy_choo/mens-shoes.html,"Avenue 50
    
    LATTE",AVENUE50NAP080258,/en/women/shoes/avenue-50/latte-nappa-leather-mules--AVENUE50NAP080258.html,"https://media.jimmychoo.com/image/upload/c_fit,dpr_2.0,f_auto,h_300,q_auto:best,w_300/USPROD_PRODUCT/images/original/AVENUE50NAP_080258_SIDE_vg333.jpg","$795
        
    
    
    Regular Price",
./jimmy_choo/mens-shoes.html,"Aurelie 65
    
    LATTE/WHITE",AURELIE65XKM081087,/en/women/shoes/aurelie-65/latte-patent-leather-pointed-pumps-with-pearl-embellishment--AURELIE65XKM081087.html,"https://media.jimmychoo.com/image/upload/c_fit,dpr_2.0,f_auto,h_300,q_auto:best,w_300/USPROD_PRODUCT/images/original/AURELIE65XKM_081087_SIDE_vg333.jpg","$995
        
    
    
    Regular Price",
./jimmy_choo/mens-shoes.html,"Diamond Top Handle
    BAMBOO/GOLD",DIAMONDTOPHANDLEHRB121890,/en/women/handbags/diamond-top-handle/bamboo-lizard-print-top-handle-bag-DIAMONDTOPHANDLEHRB121890.html,"https://media.jimmychoo.com/image/upload/c_fit,dpr_2.0,f_auto,h_300,q_auto:best,w_300/USPROD_PRODUCT/images/original/DIAMONDTOPHANDLEHRB_121890_FRONT_vg388.jpg","$2,395
    Regular Price",
./jimmy_choo/mens-shoes.html,"Ayla 110
    ROCCIA",AYLA110CUU120017,/en/women/shoes/ayla-110/roccia-snake-print--wedge-AYLA110CUU120017.html,"https://media.jimmychoo.com/image/upload/c_fit,dpr_2.0,f_auto,h_300,q_auto:best,w_300/USPROD_PRODUCT/images/original/AYLA110CUU_120017_SIDE_vg402.jpg","$895
    Regular Price",
./jimmy_choo/mens-shoes.html,"Cinch M
    LATTE/GOLD",BONBONBCKTEWHUT000702,/en/women/handbags/cinch-m/latte-leather-bag-BONBONBCKTEWHUT000702.html,"https://media.jimmychoo.com/image/upload/c_fit,dpr_2.0,f_auto,h_300,q_auto:best,w_300/USPROD_PRODUCT/images/original/BONBONBCKTEWHUT_000702_FRONT_vg404.jpg","$1,895
    Regular Price",
./jimmy_choo/mens-shoes.html,"Palma Maxi/F
    X SUNBLEACHED YELLOW/LATTE",PALMAMAXIFCYE072605,/en/women/shoes/palma-maxi-f/yellow-canvas-platform-trainers-PALMAMAXIFCYE072605.html,"https://media.jimmychoo.com/image/upload/c_fit,dpr_2.0,f_auto,h_300,q_auto:best,w_300/USPROD_PRODUCT/images/original/PALMAMAXIFCYE_072605_SIDE_vg394.jpg","$595
    Regular Price",
./jimmy_choo/mens-shoes.html,"Amel 50
    ROCCIA",AMEL50PKB120017,/en/women/shoes/amel-50/roccia-snake-print-pumps-AMEL50PKB120017.html,"https://media.jimmychoo.com/image/upload/c_fit,dpr_2.0,f_auto,h_300,q_auto:best,w_300/USPROD_PRODUCT/images/original/AMEL50PKB_120017_SIDE_vg388.jpg","$995
    Regular Price",
./jimmy_choo/mens-shoes.html,"Diamond Shoulder East-West S
    BAMBOO/GOLD",DIAMONDSHLDREWSMHRB121890,/en/women/accessories/diamond-shoulder-east-west-s/bamboo-lizard-print-mini-shoulder-bag-DIAMONDSHLDREWSMHRB121890.html,"https://media.jimmychoo.com/image/upload/c_fit,dpr_2.0,f_auto,h_300,q_auto:best,w_300/USPROD_PRODUCT/images/original/DIAMONDSHLDREWSMHRB_121890_FRONT_vg418.jpg","$1,295
    Regular Price",
./jimmy_choo/mens-shoes.html,"Skye 70
    SUNBLEACHED YELLOW",SKYE70SAT072593,/en/women/shoes/skye-70/yellow-satin-sandals-SKYE70SAT072593.html,"https://media.jimmychoo.com/image/upload/c_fit,dpr_2.0,f_auto,h_300,q_auto:best,w_300/USPROD_PRODUCT/images/original/SKYE70SAT_072593_SIDE_vg388.jpg","$775
    Regular Price",
./jimmy_choo/mens-shoes.html,"Diamond Top Handle
    BAMBOO/GOLD",DIAMONDTOPHANDLEHRB121890,/en/women/handbags/diamond-top-handle/bamboo-lizard-print-top-handle-bag-DIAMONDTOPHANDLEHRB121890.html,"https://media.jimmychoo.com/image/upload/c_fit,dpr_2.0,f_auto,h_300,q_auto:best,w_300/USPROD_PRODUCT/images/original/DIAMONDTOPHANDLEHRB_121890_FRONT_vg388.jpg","$2,395
    Regular Price",
./jimmy_choo/mens-shoes.html,"Ayla 110
    ROCCIA",AYLA110CUU120017,/en/women/shoes/ayla-110/roccia-snake-print--wedge-AYLA110CUU120017.html,"https://media.jimmychoo.com/image/upload/c_fit,dpr_2.0,f_auto,h_300,q_auto:best,w_300/USPROD_PRODUCT/images/original/AYLA110CUU_120017_SIDE_vg402.jpg","$895
    Regular Price",
./jimmy_choo/mens-shoes.html,"Cinch M
    LATTE/GOLD",BONBONBCKTEWHUT000702,/en/women/handbags/cinch-m/latte-leather-bag-BONBONBCKTEWHUT000702.html,"https://media.jimmychoo.com/image/upload/c_fit,dpr_2.0,f_auto,h_300,q_auto:best,w_300/USPROD_PRODUCT/images/original/BONBONBCKTEWHUT_000702_FRONT_vg404.jpg","$1,895
    Regular Price",
./jimmy_choo/mens-shoes.html,"Palma Maxi/F
    X SUNBLEACHED YELLOW/LATTE",PALMAMAXIFCYE072605,/en/women/shoes/palma-maxi-f/yellow-canvas-platform-trainers-PALMAMAXIFCYE072605.html,"https://media.jimmychoo.com/image/upload/c_fit,dpr_2.0,f_auto,h_300,q_auto:best,w_300/USPROD_PRODUCT/images/original/PALMAMAXIFCYE_072605_SIDE_vg394.jpg","$595
    Regular Price",
./jimmy_choo/mens-shoes.html,"Amel 50
    ROCCIA",AMEL50PKB120017,/en/women/shoes/amel-50/roccia-snake-print-pumps-AMEL50PKB120017.html,"https://media.jimmychoo.com/image/upload/c_fit,dpr_2.0,f_auto,h_300,q_auto:best,w_300/USPROD_PRODUCT/images/original/AMEL50PKB_120017_SIDE_vg388.jpg","$995
    Regular Price",
./jimmy_choo/mens-shoes.html,"Diamond Shoulder East-West S
    BAMBOO/GOLD",DIAMONDSHLDREWSMHRB121890,/en/women/accessories/diamond-shoulder-east-west-s/bamboo-lizard-print-mini-shoulder-bag-DIAMONDSHLDREWSMHRB121890.html,"https://media.jimmychoo.com/image/upload/c_fit,dpr_2.0,f_auto,h_300,q_auto:best,w_300/USPROD_PRODUCT/images/original/DIAMONDSHLDREWSMHRB_121890_FRONT_vg418.jpg","$1,295
    Regular Price",
./jimmy_choo/mens-shoes.html,"Skye 70
    SUNBLEACHED YELLOW",SKYE70SAT072593,/en/women/shoes/skye-70/yellow-satin-sandals-SKYE70SAT072593.html,"https://media.jimmychoo.com/image/upload/c_fit,dpr_2.0,f_auto,h_300,q_auto:best,w_300/USPROD_PRODUCT/images/original/SKYE70SAT_072593_SIDE_vg388.jpg","$775
    Regular Price",
./jimmy_choo/mens-shoes.html,"Diamond Top Handle
    BAMBOO/GOLD",DIAMONDTOPHANDLEHRB121890,/en/women/handbags/diamond-top-handle/bamboo-lizard-print-top-handle-bag-DIAMONDTOPHANDLEHRB121890.html,"https://media.jimmychoo.com/image/upload/c_fit,dpr_2.0,f_auto,h_300,q_auto:best,w_300/USPROD_PRODUCT/images/original/DIAMONDTOPHANDLEHRB_121890_FRONT_vg388.jpg","$2,395
    Regular Price",
./jimmy_choo/mens-shoes.html,"Ayla 110
    ROCCIA",AYLA110CUU120017,/en/women/shoes/ayla-110/roccia-snake-print--wedge-AYLA110CUU120017.html,"https://media.jimmychoo.com/image/upload/c_fit,dpr_2.0,f_auto,h_300,q_auto:best,w_300/USPROD_PRODUCT/images/original/AYLA110CUU_120017_SIDE_vg402.jpg","$895
    Regular Price",
./jimmy_choo/mens-shoes.html,"Cinch M
    LATTE/GOLD",BONBONBCKTEWHUT000702,/en/women/handbags/cinch-m/latte-leather-bag-BONBONBCKTEWHUT000702.html,"https://media.jimmychoo.com/image/upload/c_fit,dpr_2.0,f_auto,h_300,q_auto:best,w_300/USPROD_PRODUCT/images/original/BONBONBCKTEWHUT_000702_FRONT_vg404.jpg","$1,895
    Regular Price",
./jimmy_choo/mens-shoes.html,"Palma Maxi/F
    X SUNBLEACHED YELLOW/LATTE",PALMAMAXIFCYE072605,/en/women/shoes/palma-maxi-f/yellow-canvas-platform-trainers-PALMAMAXIFCYE072605.html,"https://media.jimmychoo.com/image/upload/c_fit,dpr_2.0,f_auto,h_300,q_auto:best,w_300/USPROD_PRODUCT/images/original/PALMAMAXIFCYE_072605_SIDE_vg394.jpg","$595
    Regular Price",
./jimmy_choo/mens-shoes.html,"Jimmy Choo / Malbon Diamond Golf/M
    X LATTE/NAVY",JCXMALBONDIAMONDMMQJ043720,/en/men/shoes/jimmy-choo-malbon-diamond-golf-m/latte-and-navy-leather-trainers-JCXMALBONDIAMONDMMQJ043720.html?cgid=men-shoes,,$795,
./jimmy_choo/mens-shoes.html,"Jimmy Choo / Malbon Diamond Golf/M
    X BLACK/LATTE",JCXMALBONDIAMONDMMQB013921,/en/men/shoes/jimmy-choo-malbon-diamond-golf-m/black-and-latte-embossed-leather-trainers-JCXMALBONDIAMONDMMQB013921.html?cgid=men-shoes,,$795,
./jimmy_choo/mens-shoes.html,"Diamond Maxi/M II
    V CHALK/WHITE",DIAMONDMAXIMIIRXN121879,/en/men/shoes/diamond-maxi-m-ii/chalk-nappa-leather-platform-trainers-DIAMONDMAXIMIIRXN121879.html?cgid=men-shoes,,$650,
./jimmy_choo/mens-shoes.html,"Diamond Maxi/M II
    V BLACK/BLACK",DIAMONDMAXIMIIRXN013728,/en/men/shoes/diamond-maxi-m-ii/black-nappa-leather-platform-trainers-DIAMONDMAXIMIIRXN013728.html?cgid=men-shoes,,$650,
./jimmy_choo/mens-shoes.html,"Diamond Maxi/M II
    V WHITE/WHITE",DIAMONDMAXIMIIRXN081117,/en/men/shoes/diamond-maxi-m-ii/white-nappa-leather-platform-trainers-DIAMONDMAXIMIIRXN081117.html?cgid=men-shoes,,$650,
./jimmy_choo/mens-shoes.html,"Diamond Light/M II
    V WHITE/BLACK MIX",DIAMONDLIGHTMIIBFA1C0091,/en/men/shoes/diamond-light-m-ii/white-and-black-leather-mix-low-top-trainers-DIAMONDLIGHTMIIBFA1C0091.html?cgid=men-shoes,,$695,
./jimmy_choo/mens-shoes.html,"Jimmy Choo / Malbon Mule/M
    DENIM MIX",JCXMALBONMULEMMQH040104,/en/men/shoes/jimmy-choo-malbon-mule-m/denim-monogram-mules-JCXMALBONMULEMMQH040104.html?cgid=men-shoes,,$795,
./jimmy_choo/mens-shoes.html,"Diamond Light/M
    V WHITE",DIAMONDLIGHTMNAP081101,/en/men/shoes/diamond-light-m/white-nappa-leather-low-top-trainers-DIAMONDLIGHTMNAP081101.html?cgid=men-shoes,,$650,
./jimmy_choo/mens-shoes.html,"Diamond Light/M
    V BLACK",DIAMONDLIGHTMRXN013727,/en/men/shoes/diamond-light-m/black-nappa-leather-low-top-trainers-DIAMONDLIGHTMRXN013727.html?cgid=men-shoes,,$650,
./jimmy_choo/mens-shoes.html,"Palma/M
    X DENIM/LATTE",PALMAMCYE043621,/en/men/shoes/palma-m/denim-and-latte-canvas-low-top-trainers-with-embroidered-logo-PALMAMCYE043621.html?cgid=men-shoes,,$595,
./jimmy_choo/mens-shoes.html,,,,,,
./jimmy_choo/mens-shoes.html,"Palma/M
    X LATTE/LATTE",PALMAMCYE081321,/en/men/shoes/palma-m/latte-canvas-low-top-trainers-with-embroidered-logo-PALMAMCYE081321.html?cgid=men-shoes,,$595,
./jimmy_choo/mens-shoes.html,"Palma/M
    X BLACK/LATTE",PALMAMCYE013921,/en/men/shoes/palma-m/black-and-latte-canvas-low-top-trainers-with-embroidered-logo-PALMAMCYE013921.html?cgid=men-shoes,,$595,
./jimmy_choo/mens-shoes.html,"Etta Mule
    DENIM",ETTAMULESVV040037,/en/men/shoes/etta-mule/denim-velvet-suede-mules-ETTAMULESVV040037.html?cgid=men-shoes,,$725,
./jimmy_choo/mens-shoes.html,"Etta Mule
    STONE",ETTAMULESVV100024,/en/men/shoes/etta-mule/stone-velvet-suede-mules-ETTAMULESVV100024.html?cgid=men-shoes,,$725,
./jimmy_choo/mens-shoes.html,"Josh Driver
    STONE",JOSHDRIVERUUE100024,/en/men/shoes/josh-driver/stone-reverse-suede-driver-shoes-JOSHDRIVERUUE100024.html?cgid=men-shoes,,$725,
./jimmy_choo/mens-shoes.html,"Josh Driver
    NAVY",JOSHDRIVERUUE040014,/en/men/shoes/josh-driver/navy-reverse-suede-driver-shoes-JOSHDRIVERUUE040014.html?cgid=men-shoes,,$725,
./jimmy_choo/mens-shoes.html,"Finnion Monkstrap
    BLACK",FINNIONMONKSTRAPBOL010003,/en/men/shoes/finnion-monkstrap/black-brush-off-leather-monk-strap-shoes-FINNIONMONKSTRAPBOL010003.html?cgid=men-shoes,,$995,
./jimmy_choo/mens-shoes.html,"Finnion Monkstrap
    BLACK",FINNIONMONKSTRAPPAT010003,/en/men/shoes/finnion-monkstrap/black-patent-leather-monk-strap-shoes-with-studs-FINNIONMONKSTRAPPAT010003.html?cgid=men-shoes,,"$1,050",
./jimmy_choo/mens-shoes.html,"Elias Zip Boot
    BLACK",ELIASZIPBOOTAQO010003,/en/men/shoes/elias-zip-boot/black-calf-leather-zip-boots-ELIASZIPBOOTAQO010003.html?cgid=men-shoes,,"$1,295",
./jimmy_choo/mens-shoes.html,"Sammy/M
    BLACK",SAMMYMCLF010003,/en/men/shoes/sammy-m/black-calf-leather-ankle-boots-SAMMYMCLF010003.html?cgid=men-shoes,,"$1,195",
./jimmy_choo/mens-shoes.html,"Foxley Oxford Shoe
    BLACK",FOXLEYOXFORDSHOEXXF010003,/en/men/shoes/foxley-oxford-shoe/black-calf-leather-shoes-FOXLEYOXFORDSHOEXXF010003.html?cgid=men-shoes,,$850,
./jimmy_choo/mens-shoes.html,"Foxley/M
    BLACK",FOXLEYMSIC010003,/en/men/shoes/foxley-m/black-soft-shiny-calf-leather-loafers-FOXLEYMSIC010003.html?cgid=men-shoes,,$825,
./jimmy_choo/mens-shoes.html,"Foxley/M
    BLACK/BLACK DIAMOND",FOXLEYMPGQ0C6123,/en/men/shoes/foxley-m/black-suede-slippers-with-crystals-FOXLEYMPGQ0C6123.html?cgid=men-shoes,,"$2,295",
./jimmy_choo/mens-shoes.html,"Marti Reverse
    DARK TAN",MARTIREVERSEOVD025933,/en/men/shoes/marti-reverse/dark-tan-buffalo-leather-loafers-with-chain-embellishment-MARTIREVERSEOVD025933.html?cgid=men-shoes,,$850,
./jimmy_choo/mens-shoes.html,"Marti Reverse
    NAVY",MARTIREVERSEOVA040014,/en/men/shoes/marti-reverse/navy-velvet-suede-loafers-with-chain-embellishment-MARTIREVERSEOVA040014.html?cgid=men-shoes,,$850,
./jimmy_choo/mens-shoes.html,"Marti Reverse
    BLACK",MARTIREVERSEOVD010003,/en/men/shoes/marti-reverse/black-buffalo-leather-loafers-with-chain-embellishment-MARTIREVERSEOVD010003.html?cgid=men-shoes,,$850,
./jimmy_choo/mens-shoes.html,"Fitz/M
    V TAUPE/TAUPE",FITZMPFP1C0093,/en/men/shoes/fitz-m/taupe-puffed-logo-lycra-slides-FITZMPFP1C0093.html?cgid=men-shoes,,$375,
./jimmy_choo/mens-shoes.html,"Fitz/M
    V WHITE/WHITE",FITZMPFP081117,/en/men/shoes/fitz-m/white-puffed-logo-lycra-slides-FITZMPFP081117.html?cgid=men-shoes,,$375,
./jimmy_choo/mens-shoes.html,"Rome/M
    V WHITE/GUNMETAL",ROMEMAZA0C9235,/en/men/shoes/rome-m/white-calf-leather-and-gunmetal-metallic-nappa-low-top-trainers-ROMEMAZA0C9235.html?cgid=men-shoes,,$650,
./jimmy_choo/mens-shoes.html,"Rome/M
    V BLACK/SILVER",ROMEMAZA0C9214,/en/men/shoes/rome-m/black-calf-leather-and-silver-metallic-nappa-low-top-trainers-ROMEMAZA0C9214.html?cgid=men-shoes,,$650,
./jimmy_choo/mens-shoes.html,"Diamond Light/M II
    V WHITE/SILVER",DIAMONDLIGHTMIIBFB0C8776,/en/men/shoes/diamond-light-m-ii/white-leather-and--silver-metallic-nappa-low-top-trainers-DIAMONDLIGHTMIIBFB0C8776.html?cgid=men-shoes,,$695,
./jimmy_choo/mens-shoes.html,"Diamond Light/M
    V WHITE/WHITE",DIAMONDLIGHTMRXN081117,/en/men/shoes/diamond-light-m/white-nappa-leather-low-top-trainers-with-flecked-sole-DIAMONDLIGHTMRXN081117.html?cgid=men-shoes,,$650,
./jimmy_choo/mens-shoes.html,"Diamond Light/M
    V BLACK/GUNMETAL",DIAMONDLIGHTMAWW013889,/en/men/shoes/diamond-light-m/black-nappa-low-top-trainers-with-studs-DIAMONDLIGHTMAWW013889.html?cgid=men-shoes,,$875,
./jimmy_choo/mens-shoes.html,"Diamond Light/M
    V BLACK/BLACK",DIAMONDLIGHTMNAP013728,/en/men/shoes/diamond-light-m/black-nappa-leather-low-top-trainers--DIAMONDLIGHTMNAP013728.html?cgid=men-shoes,,$650,
./jimmy_choo/mens-shoes.html,"Thame
    BLACK MIX",THAMEAQN010045,/en/men/shoes/thame/black-velvet-slipper-with-crystal-embellishment-THAMEAQN010045.html?cgid=men-shoes,,"$4,595",
./jimmy_choo/mens-shoes.html,"Thame
    BLACK",THAMECGF010003,/en/men/shoes/thame/black-coarse-glitter-fabric-slipper-THAMECGF010003.html?cgid=men-shoes,,$595,
./jimmy_choo/mens-shoes.html,"Thame
    BLACK",THAMESIC010003,/en/men/shoes/thame/black-shiny-calf-leather-slipper--THAMESIC010003.html?cgid=men-shoes,,$725,
./jimmy_choo/mens-shoes.html,"Josh Driver
    DENIM",JOSHDRIVERUUE040037,/en/men/shoes/josh-driver/denim-suede-shoes-JOSHDRIVERUUE040037.html?cgid=men-shoes,,$725,
./jimmy_choo/mens-shoes.html,"Josh Driver
    ASH",JOSHDRIVERUUE102155,/en/men/shoes/josh-driver/ash-suede-shoes-JOSHDRIVERUUE102155.html?cgid=men-shoes,,$725,
./jimmy_choo/mens-shoes.html,"Foxley/M
    BLACK",FOXLEYMVEL010003,/en/men/shoes/foxley-m/black-velvet-slip-on-shoes-with-tassel-FOXLEYMVEL010003.html?cgid=men-shoes,,$850,
./jimmy_choo/mens-shoes.html,Finnion Monkstrap OAK,FINNIONMONKSTRAPSVV027408,/en/men/shoes/finnion-monkstrap/oak-velvet-suede-shoes-FINNIONMONKSTRAPSVV027408.html?cgid=men-shoes,,$995,
./jimmy_choo/mens-shoes.html,Ivan Espadrille NAVY MIX,IVANESPADRILLEJBI040106,/en/men/shoes/ivan-espadrille/navy-canvas-espadrilles-IVANESPADRILLEJBI040106.html?cgid=men-shoes,,$595,
./jimmy_choo/mens-shoes.html,Ivan Espadrille LATTE MIX,IVANESPADRILLEJBI080348,/en/men/shoes/ivan-espadrille/latte-canvas-espadrilles-IVANESPADRILLEJBI080348.html?cgid=men-shoes,,$595,
./jimmy_choo/mens-shoes.html,Fitz/M V BLACK/BLACK,FITZMPFP013728,/en/men/shoes/fitz-m/black-puffed-logo-lycra-slides-FITZMPFP013728.html?cgid=men-shoes,,$375,
./jimmy_choo/mens-shoes.html,Etta City Sandal MOCHA,ETTACITYSANDALVAC021974,/en/men/shoes/etta-city-sandal/mocha-vachetta-leather-sandals-ETTACITYSANDALVAC021974.html?cgid=men-shoes,,$725,
./jimmy_choo/mens-shoes.html,Diamond Light/m V BLACK,DIAMONDLIGHTMMYU013727,/en/men/shoes/diamond-light-m/black-knit-low-top-trainers-DIAMONDLIGHTMMYU013727.html?cgid=men-shoes,,$650,
./jimmy_choo/mens-shoes.html,Marlow Moccasin BLACK,MARLOWMOCCASINXXC010003,/en/men/shoes/marlow-moccasin/black-box-calf-moccasins-MARLOWMOCCASINXXC010003.html?cgid=men-shoes,,$825,
